,Country_Region,Province_State,Lat,Long_,Last_Update1,Confirmed,Deaths,Recovered,Active,Daily_Confirmed,Daily_Deaths,Daily_Recovered,Daily_Active,IP
0,US,New York,42.1657,-74.9481,2020-04-12,189033,9385,23887.0,179648.0,189033.0,9385.0,23887.0,179648.0,174531.0
1,US,New York,42.1657,-74.9481,2020-04-13,195749,10058,23887.0,185691.0,6716.0,673.0,0.0,6043.0,7389.0
2,US,New York,42.1657,-74.9481,2020-04-14,203020,10842,23887.0,192178.0,7271.0,784.0,0.0,6487.0,8055.0
3,US,New York,42.1657,-74.9481,2020-04-15,214454,11617,23887.0,202837.0,11434.0,775.0,0.0,10659.0,12209.0
4,US,New York,42.1657,-74.9481,2020-04-16,223691,14832,23887.0,208859.0,9237.0,3215.0,0.0,6022.0,12452.0
5,US,New York,42.1657,-74.9481,2020-04-17,230597,17131,23887.0,213466.0,6906.0,2299.0,0.0,4607.0,9205.0
6,US,New York,42.1657,-74.9481,2020-04-18,241712,17671,23887.0,224041.0,11115.0,540.0,0.0,10575.0,11655.0
7,US,New York,42.1657,-74.9481,2020-04-19,247815,18298,23887.0,229517.0,6103.0,627.0,0.0,5476.0,6730.0
8,US,New York,42.1657,-74.9481,2020-04-20,253060,18611,23887.0,234449.0,5245.0,313.0,0.0,4932.0,5558.0
9,US,New York,42.1657,-74.9481,2020-04-21,258361,19104,23887.0,239257.0,5301.0,493.0,0.0,4808.0,5794.0
10,US,New York,42.1657,-74.9481,2020-04-22,263292,19413,23887.0,243879.0,4931.0,309.0,0.0,4622.0,5240.0
11,US,New York,42.1657,-74.9481,2020-04-24,263460,20973,23887.0,242487.0,168.0,1560.0,0.0,-1392.0,1728.0
12,US,New York,42.1657,-74.9481,2020-04-25,271590,21411,23887.0,250179.0,8130.0,438.0,0.0,7692.0,8568.0
13,US,New York,42.1657,-74.9481,2020-04-26,282143,22009,23887.0,260134.0,10553.0,598.0,0.0,9955.0,11151.0
14,US,New York,42.1657,-74.9481,2020-04-27,288045,22269,23887.0,265776.0,5902.0,260.0,0.0,5642.0,6162.0
15,US,New York,42.1657,-74.9481,2020-04-28,291996,22668,23887.0,269328.0,3951.0,399.0,0.0,3552.0,4350.0
16,US,New York,42.1657,-74.9481,2020-04-29,295106,22912,51630.0,272194.0,3110.0,244.0,27743.0,2866.0,-24389.0
17,US,New York,42.1657,-74.9481,2020-04-30,299691,23477,53238.0,276214.0,4585.0,565.0,1608.0,4020.0,3542.0
18,US,New York,42.1657,-74.9481,2020-05-01,304372,23587,54771.0,226014.0,4681.0,110.0,1533.0,-50200.0,3258.0
19,US,New York,42.1657,-74.9481,2020-05-02,308314,24039,56187.0,228088.0,3942.0,452.0,1416.0,2074.0,2978.0
20,US,New York,42.1657,-74.9481,2020-05-03,312977,24198,57540.0,231239.0,4663.0,159.0,1353.0,3151.0,3469.0
21,US,New York,42.1657,-74.9481,2020-05-04,316415,24708,58950.0,232757.0,3438.0,510.0,1410.0,1518.0,2538.0
22,US,New York,42.1657,-74.9481,2020-05-05,318953,24999,58950.0,235004.0,2538.0,291.0,0.0,2247.0,2829.0
23,US,New York,42.1657,-74.9481,2020-05-06,321192,25124,58950.0,237118.0,2239.0,125.0,0.0,2114.0,2364.0
24,US,New York,42.1657,-74.9481,2020-05-07,323978,25623,54597.0,243758.0,2786.0,499.0,475.0,6640.0,7638.0
25,US,New York,42.1657,-74.9481,2020-05-08,327469,26144,55547.0,245778.0,3491.0,521.0,950.0,2020.0,3062.0
26,US,New York,42.1657,-74.9481,2020-05-09,330407,26243,56378.0,247786.0,2938.0,99.0,831.0,2008.0,2206.0
27,US,New York,42.1657,-74.9481,2020-05-10,333122,26612,57180.0,249330.0,2715.0,369.0,802.0,1544.0,2282.0
28,US,New York,42.1657,-74.9481,2020-05-11,335395,26641,58006.0,250748.0,2273.0,29.0,826.0,1418.0,1476.0
29,US,New York,42.1657,-74.9481,2020-05-12,337055,26988,58363.0,251704.0,1660.0,347.0,357.0,956.0,1650.0
30,US,New York,42.1657,-74.9481,2020-05-13,338485,27284,58679.0,252522.0,1430.0,296.0,316.0,818.0,1410.0
31,US,New York,42.1657,-74.9481,2020-05-14,340661,27477,59193.0,253991.0,2176.0,193.0,514.0,1469.0,1855.0
32,US,New York,42.1657,-74.9481,2020-05-15,343051,27641,59758.0,255652.0,2390.0,164.0,565.0,1661.0,1989.0
33,US,New York,42.1657,-74.9481,2020-05-16,345813,27878,60302.0,257633.0,2762.0,237.0,544.0,1981.0,2455.0
34,US,New York,42.1657,-74.9481,2020-05-17,348232,28049,60796.0,259387.0,2419.0,171.0,494.0,1754.0,2096.0
35,US,New York,42.1657,-74.9481,2020-05-18,350121,28232,61381.0,260508.0,1889.0,183.0,585.0,1121.0,1487.0
36,US,New York,42.1657,-74.9481,2020-05-19,351371,28339,61681.0,261351.0,1250.0,107.0,300.0,843.0,1057.0
37,US,New York,42.1657,-74.9481,2020-05-20,352845,28558,61886.0,262401.0,1474.0,219.0,205.0,1050.0,1488.0
38,US,New York,42.1657,-74.9481,2020-05-21,354370,28636,61886.0,263848.0,1525.0,78.0,0.0,1447.0,1603.0
39,US,New York,42.1657,-74.9481,2020-05-22,356458,28743,62826.0,264889.0,2088.0,107.0,940.0,1041.0,1255.0
40,US,New York,42.1657,-74.9481,2020-05-23,358154,28853,63292.0,266009.0,1696.0,110.0,466.0,1120.0,1340.0
41,US,New York,42.1657,-74.9481,2020-05-24,359926,29031,63292.0,267603.0,1772.0,178.0,0.0,1594.0,1950.0
42,US,New York,42.1657,-74.9481,2020-05-25,361515,29141,64080.0,268294.0,1589.0,110.0,788.0,691.0,911.0
43,US,New York,42.1657,-74.9481,2020-05-26,362764,29229,64280.0,269255.0,1249.0,88.0,200.0,961.0,1137.0
44,US,New York,42.1657,-74.9481,2020-05-27,363836,29302,64443.0,270091.0,1072.0,73.0,163.0,836.0,982.0
45,US,New York,42.1657,-74.9481,2020-05-28,364965,29484,64632.0,270849.0,1129.0,182.0,189.0,758.0,1122.0
46,US,New York,42.1657,-74.9481,2020-05-29,366733,29529,64954.0,272250.0,1768.0,45.0,322.0,1401.0,1491.0
47,US,New York,42.1657,-74.9481,2020-05-30,368284,29646,65289.0,273349.0,1551.0,117.0,335.0,1099.0,1333.0
48,US,New York,42.1657,-74.9481,2020-05-31,369660,29710,65609.0,274341.0,1376.0,64.0,320.0,992.0,1120.0
49,US,New York,42.1657,-74.9481,2020-06-01,370770,29784,65934.0,275052.0,1110.0,74.0,325.0,711.0,859.0
50,US,New York,42.1657,-74.9481,2020-06-02,371711,29917,66110.0,275684.0,941.0,133.0,176.0,632.0,898.0
51,US,New York,42.1657,-74.9481,2020-06-03,373040,29968,66262.0,276810.0,1329.0,51.0,152.0,1126.0,1228.0
52,US,New York,42.1657,-74.9481,2020-06-04,374085,30019,66502.0,277564.0,1045.0,51.0,240.0,754.0,856.0
53,US,New York,42.1657,-74.9481,2020-06-05,375133,30174,66756.0,278203.0,1048.0,155.0,254.0,639.0,949.0
54,US,New York,42.1657,-74.9481,2020-06-06,376208,30236,66992.0,278980.0,1075.0,62.0,236.0,777.0,901.0
55,US,New York,42.1657,-74.9481,2020-06-07,377316,30280,67261.0,279775.0,1108.0,44.0,269.0,795.0,883.0
56,US,New York,42.1657,-74.9481,2020-06-08,378097,30374,67544.0,280179.0,781.0,94.0,283.0,404.0,592.0
57,US,New York,42.1657,-74.9481,2020-06-09,378799,30417,67687.0,280695.0,702.0,43.0,143.0,516.0,602.0
58,US,New York,42.1657,-74.9481,2020-06-10,379482,30458,67808.0,281216.0,683.0,41.0,121.0,521.0,603.0
59,US,New York,42.1657,-74.9481,2020-06-11,380156,30542,68019.0,281595.0,674.0,84.0,211.0,379.0,547.0
60,US,New York,42.1657,-74.9481,2020-06-12,380892,30580,68211.0,282101.0,736.0,38.0,192.0,506.0,582.0
61,US,New York,42.1657,-74.9481,2020-06-13,381714,30758,68399.0,282557.0,822.0,178.0,188.0,456.0,812.0
62,US,New York,42.1657,-74.9481,2020-06-14,382630,30795,68584.0,283251.0,916.0,37.0,185.0,694.0,768.0
63,US,New York,42.1657,-74.9481,2020-06-15,383324,30825,68761.0,283738.0,694.0,30.0,177.0,487.0,547.0
64,US,New York,42.1657,-74.9481,2020-06-16,383944,30856,68851.0,284237.0,620.0,31.0,90.0,499.0,561.0
65,US,New York,42.1657,-74.9481,2020-06-17,384575,30909,68938.0,284728.0,631.0,53.0,87.0,491.0,597.0
66,US,New York,42.1657,-74.9481,2020-06-18,385142,30939,69085.0,285118.0,567.0,30.0,147.0,390.0,450.0
67,US,New York,42.1657,-74.9481,2020-06-19,385760,30974,69243.0,285543.0,618.0,35.0,158.0,425.0,495.0
68,US,New York,42.1657,-74.9481,2020-06-20,386556,31015,69377.0,286164.0,796.0,41.0,134.0,621.0,703.0
69,US,New York,42.1657,-74.9481,2020-06-21,387272,31083,69506.0,286683.0,716.0,68.0,129.0,519.0,655.0
70,US,New York,42.1657,-74.9481,2020-06-22,387936,31125,69506.0,287305.0,664.0,42.0,0.0,622.0,706.0
71,US,New York,42.1657,-74.9481,2020-06-23,388488,31176,69710.0,287602.0,552.0,51.0,204.0,297.0,399.0
72,US,New York,42.1657,-74.9481,2020-06-24,389085,31232,69710.0,288143.0,597.0,56.0,0.0,541.0,653.0
73,US,New York,42.1657,-74.9481,2020-06-25,389666,31257,69710.0,288699.0,581.0,25.0,0.0,556.0,606.0
74,US,New York,42.1657,-74.9481,2020-06-26,390415,31301,70010.0,289104.0,749.0,44.0,300.0,405.0,493.0
75,US,New York,42.1657,-74.9481,2020-06-27,391220,31342,70010.0,289868.0,805.0,41.0,0.0,764.0,846.0
76,US,New York,42.1657,-74.9481,2020-06-28,391923,31368,70010.0,290545.0,703.0,26.0,0.0,677.0,729.0
77,US,New York,42.1657,-74.9481,2020-06-29,392539,31397,70010.0,291132.0,616.0,29.0,0.0,587.0,645.0
78,US,New York,42.1657,-74.9481,2020-06-30,393403,31403,70435.0,291565.0,864.0,6.0,425.0,433.0,445.0
79,US,New York,42.1657,-74.9481,2020-07-01,393454,32032,70487.0,290935.0,51.0,629.0,52.0,-630.0,628.0
80,US,New York,42.1657,-74.9481,2020-07-02,394079,32043,70590.0,291446.0,625.0,11.0,103.0,511.0,533.0
81,US,New York,42.1657,-74.9481,2020-07-03,394954,32064,70698.0,292192.0,875.0,21.0,108.0,746.0,788.0
82,US,New York,42.1657,-74.9481,2020-07-04,395872,32137,70794.0,292941.0,918.0,73.0,96.0,749.0,895.0
83,US,New York,42.1657,-74.9481,2020-07-05,396598,32157,70877.0,293564.0,726.0,20.0,83.0,623.0,663.0
84,US,New York,42.1657,-74.9481,2020-07-06,397131,32206,70968.0,293957.0,533.0,49.0,91.0,393.0,491.0
85,US,New York,42.1657,-74.9481,2020-07-07,397649,32219,71040.0,294390.0,518.0,13.0,72.0,433.0,459.0
86,US,New York,42.1657,-74.9481,2020-07-08,398237,32243,71091.0,294903.0,588.0,24.0,51.0,513.0,561.0
87,US,New York,42.1657,-74.9481,2020-07-09,398929,32251,71185.0,295493.0,692.0,8.0,94.0,590.0,606.0
88,US,New York,42.1657,-74.9481,2020-07-10,399513,32283,71279.0,295951.0,584.0,32.0,94.0,458.0,522.0
89,US,New York,42.1657,-74.9481,2020-07-11,400299,32331,71371.0,296597.0,786.0,48.0,92.0,646.0,742.0
90,US,New York,42.1657,-74.9481,2020-07-12,401029,32343,71477.0,297209.0,730.0,12.0,106.0,612.0,636.0
91,US,New York,42.1657,-74.9481,2020-07-13,401706,32350,71565.0,297791.0,677.0,7.0,88.0,582.0,596.0
92,US,New York,42.1657,-74.9481,2020-07-14,402263,32395,71643.0,298225.0,557.0,45.0,78.0,434.0,524.0
93,US,New York,42.1657,-74.9481,2020-07-15,403175,32408,71692.0,299075.0,912.0,13.0,49.0,850.0,876.0
94,US,New York,42.1657,-74.9481,2020-07-16,404006,32427,71782.0,299797.0,831.0,19.0,90.0,722.0,760.0
95,US,New York,42.1657,-74.9481,2020-07-17,404775,32446,71867.0,300462.0,769.0,19.0,85.0,665.0,703.0
96,US,New York,42.1657,-74.9481,2020-07-18,405551,32463,71970.0,301118.0,776.0,17.0,103.0,656.0,690.0
97,US,New York,42.1657,-74.9481,2020-07-19,406305,32478,72064.0,301763.0,754.0,15.0,94.0,645.0,675.0
98,US,New York,42.1657,-74.9481,2020-07-20,406807,32495,72161.0,302151.0,502.0,17.0,97.0,388.0,422.0
99,US,New York,42.1657,-74.9481,2020-07-21,407326,32506,72229.0,302591.0,519.0,11.0,68.0,440.0,462.0
100,US,New York,42.1657,-74.9481,2020-07-22,408181,32520,72302.0,303359.0,855.0,14.0,73.0,768.0,796.0
101,US,New York,42.1657,-74.9481,2020-07-23,408886,32558,72386.0,303942.0,705.0,38.0,84.0,583.0,659.0
102,US,New York,42.1657,-74.9481,2020-07-24,409697,32594,72466.0,304637.0,811.0,36.0,80.0,695.0,767.0
103,US,New York,42.1657,-74.9481,2020-07-25,410450,32596,72552.0,305302.0,753.0,2.0,86.0,665.0,669.0
104,US,New York,42.1657,-74.9481,2020-07-26,411200,32608,72632.0,305960.0,750.0,12.0,80.0,658.0,682.0
105,US,New York,42.1657,-74.9481,2020-07-27,411736,32630,72716.0,306390.0,536.0,22.0,84.0,430.0,474.0
106,US,New York,42.1657,-74.9481,2020-07-28,412344,32645,72766.0,306933.0,608.0,15.0,50.0,543.0,573.0
107,US,New York,42.1657,-74.9481,2020-07-29,412878,32653,72813.0,307412.0,534.0,8.0,47.0,479.0,495.0
108,US,New York,42.1657,-74.9481,2020-07-30,413593,32658,72900.0,308035.0,715.0,5.0,87.0,623.0,633.0
109,US,New York,42.1657,-74.9481,2020-07-31,414370,32683,72973.0,308714.0,777.0,25.0,73.0,679.0,729.0
110,US,New York,42.1657,-74.9481,2020-08-01,415014,32689,73055.0,309270.0,644.0,6.0,82.0,556.0,568.0
111,US,New York,42.1657,-74.9481,2020-08-02,415767,32694,73134.0,309939.0,753.0,5.0,79.0,669.0,679.0
112,US,New York,42.1657,-74.9481,2020-08-03,416298,32710,73222.0,310366.0,531.0,16.0,88.0,427.0,459.0
113,US,New York,42.1657,-74.9481,2020-08-04,416843,32719,73279.0,310845.0,545.0,9.0,57.0,479.0,497.0
114,US,New York,42.1657,-74.9481,2020-08-05,417589,32725,73326.0,311538.0,746.0,6.0,47.0,693.0,705.0
115,US,New York,42.1657,-74.9481,2020-08-06,418225,32754,73410.0,312061.0,636.0,29.0,84.0,523.0,581.0
116,US,New York,42.1657,-74.9481,2020-08-07,418928,32756,73472.0,312700.0,703.0,2.0,62.0,639.0,643.0
117,US,New York,42.1657,-74.9481,2020-08-08,419642,32760,73530.0,313352.0,714.0,4.0,58.0,652.0,660.0
118,US,New York,42.1657,-74.9481,2020-08-09,420345,32768,73609.0,313968.0,703.0,8.0,79.0,616.0,632.0
119,US,New York,42.1657,-74.9481,2020-08-10,420860,32774,73689.0,314397.0,515.0,6.0,80.0,429.0,441.0
120,US,New York,42.1657,-74.9481,2020-08-11,421336,32781,73736.0,314819.0,476.0,7.0,47.0,422.0,436.0
121,US,New York,42.1657,-74.9481,2020-08-12,422003,32787,73779.0,315437.0,667.0,6.0,43.0,618.0,630.0
122,US,New York,42.1657,-74.9481,2020-08-13,422703,32797,73842.0,316064.0,700.0,10.0,63.0,627.0,647.0
123,US,New York,42.1657,-74.9481,2020-08-14,423440,32805,73907.0,316728.0,737.0,8.0,65.0,664.0,680.0
124,US,New York,42.1657,-74.9481,2020-08-15,424167,32827,73997.0,317343.0,727.0,22.0,90.0,615.0,659.0
125,US,New York,42.1657,-74.9481,2020-08-16,424901,32833,74081.0,317987.0,734.0,6.0,84.0,644.0,656.0
126,US,New York,42.1657,-74.9481,2020-08-17,425508,32840,74154.0,318514.0,607.0,7.0,73.0,527.0,541.0
127,US,New York,42.1657,-74.9481,2020-08-18,425916,32846,74207.0,318863.0,408.0,6.0,53.0,349.0,361.0
128,US,New York,42.1657,-74.9481,2020-08-19,426571,32857,74258.0,319456.0,655.0,11.0,51.0,593.0,615.0
129,US,New York,42.1657,-74.9481,2020-08-20,427202,32865,74328.0,320009.0,631.0,8.0,70.0,553.0,569.0
130,US,New York,42.1657,-74.9481,2020-08-21,427803,32861,74406.0,320536.0,601.0,6.0,78.0,527.0,519.0
131,US,New York,42.1657,-74.9481,2020-08-22,428512,32864,74485.0,321163.0,709.0,3.0,79.0,627.0,633.0
132,US,New York,42.1657,-74.9481,2020-08-23,429165,32871,74553.0,321741.0,653.0,7.0,68.0,578.0,592.0
133,US,New York,42.1657,-74.9481,2020-08-24,429737,32883,74640.0,322214.0,572.0,12.0,87.0,473.0,497.0
134,US,New York,42.1657,-74.9481,2020-08-25,430145,32887,74684.0,322574.0,408.0,4.0,44.0,360.0,368.0
135,US,New York,42.1657,-74.9481,2020-08-26,430774,32918,74731.0,323125.0,629.0,31.0,47.0,551.0,613.0
136,US,New York,42.1657,-74.9481,2020-08-27,431340,32921,74791.0,323628.0,566.0,3.0,60.0,503.0,509.0
137,US,New York,42.1657,-74.9481,2020-08-28,432131,32926,74850.0,324355.0,791.0,5.0,59.0,727.0,737.0
138,US,New York,42.1657,-74.9481,2020-08-29,432767,32934,74923.0,324910.0,636.0,8.0,73.0,555.0,571.0
139,US,New York,42.1657,-74.9481,2020-08-30,433402,32938,74990.0,325474.0,635.0,4.0,67.0,564.0,572.0
140,US,New York,42.1657,-74.9481,2020-08-31,434100,32951,75062.0,326087.0,698.0,13.0,72.0,613.0,639.0
141,US,New York,42.1657,-74.9481,2020-09-01,437154,32957,75100.0,326699.0,3054.0,6.0,38.0,612.0,3022.0
142,US,New York,42.1657,-74.9481,2020-09-02,437757,32966,75142.0,327402.0,603.0,9.0,42.0,703.0,570.0
143,US,New York,42.1657,-74.9481,2020-09-03,438405,32972,75203.0,328043.0,648.0,6.0,61.0,641.0,593.0
144,US,New York,42.1657,-74.9481,2020-09-04,439322,32976,75255.0,328876.0,917.0,4.0,52.0,833.0,869.0
145,US,New York,42.1657,-74.9481,2020-09-05,440192,32982,75307.0,329682.0,870.0,6.0,52.0,806.0,824.0
146,US,New York,42.1657,-74.9481,2020-09-06,441012,32987,75366.0,330419.0,820.0,5.0,59.0,737.0,766.0
147,US,New York,42.1657,-74.9481,2020-09-07,441748,32987,75425.0,331089.0,736.0,0.0,59.0,670.0,677.0
148,US,New York,42.1657,-74.9481,2020-09-08,442315,33002,75471.0,331548.0,567.0,15.0,46.0,459.0,536.0
149,US,New York,42.1657,-74.9481,2020-09-09,442817,33016,75503.0,332059.0,502.0,14.0,32.0,511.0,484.0
150,US,New York,42.1657,-74.9481,2020-09-10,443409,33019,75539.0,332596.0,592.0,3.0,36.0,537.0,559.0
151,US,New York,42.1657,-74.9481,2020-09-11,444071,33019,75584.0,333308.0,662.0,0.0,45.0,712.0,617.0
152,US,New York,42.1657,-74.9481,2020-09-12,445102,33019,75649.0,334123.0,1031.0,0.0,65.0,815.0,966.0
153,US,New York,42.1657,-74.9481,2020-09-13,446028,33023,75707.0,334910.0,926.0,4.0,58.0,787.0,872.0
154,US,New York,42.1657,-74.9481,2020-09-14,446862,33023,75767.0,335575.0,834.0,0.0,60.0,665.0,774.0
155,US,New York,42.1657,-74.9481,2020-09-15,447524,33030,75814.0,336104.0,662.0,7.0,47.0,529.0,622.0
156,US,New York,42.1657,-74.9481,2020-09-16,448213,33038,75847.0,336829.0,689.0,8.0,33.0,725.0,664.0
157,US,New York,42.1657,-74.9481,2020-09-17,448897,33042,75903.0,337421.0,684.0,4.0,56.0,592.0,632.0
158,US,New York,42.1657,-74.9481,2020-09-18,449922,33070,75962.0,338230.0,1025.0,28.0,59.0,809.0,994.0
159,US,New York,42.1657,-74.9481,2020-09-19,450753,33085,76036.0,338931.0,831.0,15.0,74.0,701.0,772.0
160,US,New York,42.1657,-74.9481,2020-09-20,451655,33081,76101.0,339856.0,902.0,10.0,65.0,925.0,833.0
161,US,New York,42.1657,-74.9481,2020-09-21,452507,33087,76179.0,340634.0,852.0,6.0,78.0,778.0,780.0
162,US,New York,42.1657,-74.9481,2020-09-22,453142,33159,76218.0,341163.0,635.0,72.0,39.0,529.0,668.0
163,US,New York,42.1657,-74.9481,2020-09-23,453730,33263,76246.0,341891.0,588.0,104.0,28.0,728.0,664.0
164,US,New York,42.1657,-74.9481,2020-09-24,454299,33264,76306.0,342496.0,569.0,1.0,60.0,605.0,510.0
165,US,New York,42.1657,-74.9481,2020-09-25,455400,33269,76382.0,343370.0,1101.0,5.0,76.0,874.0,1030.0
166,US,New York,42.1657,-74.9481,2020-09-26,456400,33283,76456.0,344177.0,1000.0,14.0,74.0,807.0,940.0
167,US,New York,42.1657,-74.9481,2020-09-27,457573,33286,76528.0,345107.0,1173.0,3.0,72.0,930.0,1104.0
168,US,New York,42.1657,-74.9481,2020-09-28,458605,33293,76595.0,345900.0,1032.0,7.0,67.0,793.0,972.0
169,US,New York,42.1657,-74.9481,2020-09-29,459574,33302,76649.0,346671.0,969.0,9.0,54.0,771.0,924.0
170,US,New York,42.1657,-74.9481,2020-09-30,460553,33310,76649.0,347856.0,979.0,8.0,0.0,1185.0,987.0
171,US,New York,42.1657,-74.9481,2020-10-01,461537,33324,76754.0,348742.0,984.0,14.0,105.0,886.0,893.0
172,US,New York,42.1657,-74.9481,2020-10-02,462861,33332,76834.0,350038.0,1324.0,8.0,80.0,1296.0,1252.0
173,US,New York,42.1657,-74.9481,2020-10-03,464620,33372,76834.0,351596.0,1759.0,40.0,0.0,1558.0,1799.0
174,US,New York,42.1657,-74.9481,2020-10-04,466307,33375,77004.0,353159.0,1687.0,3.0,170.0,1563.0,1520.0
175,US,New York,42.1657,-74.9481,2020-10-05,467693,33389,77090.0,354287.0,1386.0,14.0,86.0,1128.0,1314.0
176,US,New York,42.1657,-74.9481,2020-10-06,468840,33402,77141.0,355160.0,1147.0,13.0,51.0,873.0,1109.0
177,US,New York,42.1657,-74.9481,2020-10-07,469989,33409,77192.0,356497.0,1149.0,7.0,51.0,1337.0,1105.0
178,US,New York,42.1657,-74.9481,2020-10-08,471207,33421,77267.0,357775.0,1218.0,12.0,75.0,1278.0,1155.0
179,US,New York,42.1657,-74.9481,2020-10-09,473285,33429,77351.0,359526.0,2078.0,8.0,84.0,1751.0,2002.0
180,US,New York,42.1657,-74.9481,2020-10-10,474894,33461,77432.0,360974.0,1609.0,32.0,81.0,1448.0,1560.0
181,US,New York,42.1657,-74.9481,2020-10-11,476397,33466,77514.0,362336.0,1503.0,5.0,82.0,1362.0,1426.0
182,US,New York,42.1657,-74.9481,2020-10-12,477671,33469,77631.0,363361.0,1274.0,3.0,117.0,1025.0,1160.0
183,US,New York,42.1657,-74.9481,2020-10-13,478925,33482,77631.0,364383.0,1254.0,13.0,0.0,1022.0,1267.0
184,US,New York,42.1657,-74.9481,2020-10-14,480129,33490,77755.0,365647.0,1204.0,8.0,124.0,1264.0,1088.0
185,US,New York,42.1657,-74.9481,2020-10-15,481227,33500,77870.0,366754.0,1098.0,10.0,115.0,1107.0,993.0
186,US,New York,42.1657,-74.9481,2020-10-16,482765,33524,78006.0,368057.0,1538.0,24.0,136.0,1303.0,1426.0
187,US,New York,42.1657,-74.9481,2020-10-17,484512,33533,78117.0,369653.0,1747.0,9.0,111.0,1596.0,1645.0
188,US,New York,42.1657,-74.9481,2020-10-18,486207,33547,78235.0,371309.0,1695.0,14.0,118.0,1656.0,1591.0
189,US,New York,42.1657,-74.9481,2020-10-19,487719,33559,78362.0,372562.0,1512.0,12.0,127.0,1253.0,1397.0
190,US,New York,42.1657,-74.9481,2020-10-20,488928,33575,78442.0,373471.0,1209.0,16.0,80.0,909.0,1145.0
191,US,New York,42.1657,-74.9481,2020-10-21,490166,33582,78530.0,374584.0,1238.0,7.0,88.0,1113.0,1157.0
192,US,New York,42.1657,-74.9481,2020-10-22,491882,33589,78645.0,376490.0,1716.0,7.0,115.0,1906.0,1608.0
193,US,New York,42.1657,-74.9481,2020-10-23,493774,33614,78753.0,377985.0,1892.0,25.0,108.0,1495.0,1809.0
194,US,New York,42.1657,-74.9481,2020-10-24,495608,33625,78854.0,379499.0,1834.0,11.0,101.0,1514.0,1744.0
195,US,New York,42.1657,-74.9481,2020-10-25,497732,33634,78960.0,381454.0,2124.0,9.0,106.0,1955.0,2027.0
196,US,New York,42.1657,-74.9481,2020-10-26,499652,33642,79092.0,382950.0,1920.0,8.0,132.0,1496.0,1796.0
197,US,New York,42.1657,-74.9481,2020-10-27,501197,33650,79162.0,384069.0,1545.0,8.0,70.0,1119.0,1483.0
198,US,New York,42.1657,-74.9481,2020-10-28,502978,33666,79230.0,385983.0,1781.0,16.0,68.0,1914.0,1729.0
199,US,New York,42.1657,-74.9481,2020-10-29,504689,33675,79366.0,387876.0,1711.0,9.0,136.0,1893.0,1584.0
200,US,New York,42.1657,-74.9481,2020-10-30,507040,33694,79501.0,390231.0,2351.0,19.0,135.0,2355.0,2235.0
201,US,New York,42.1657,-74.9481,2020-10-31,509368,33724,79621.0,392304.0,2328.0,30.0,120.0,2073.0,2238.0
202,US,New York,42.1657,-74.9481,2020-11-01,511761,33730,79717.0,394315.0,2393.0,6.0,96.0,2011.0,2303.0
203,US,New York,42.1657,-74.9481,2020-11-02,513883,33752,79831.0,396369.0,2122.0,22.0,114.0,2054.0,2030.0
204,US,New York,42.1657,-74.9481,2020-11-03,515753,33763,79831.0,397998.0,1870.0,11.0,0.0,1629.0,1881.0
205,US,New York,42.1657,-74.9481,2020-11-04,517822,33773,79990.0,400156.0,2069.0,10.0,159.0,2158.0,1920.0
206,US,New York,42.1657,-74.9481,2020-11-05,519890,33793,80109.0,402150.0,2068.0,20.0,119.0,1994.0,1969.0
207,US,New York,42.1657,-74.9481,2020-11-06,523107,33857,80225.0,404930.0,3217.0,64.0,116.0,2780.0,3165.0
208,US,New York,42.1657,-74.9481,2020-11-07,526318,33872,80368.0,407989.0,3211.0,15.0,143.0,3059.0,3083.0
209,US,New York,42.1657,-74.9481,2020-11-08,530218,33884,80494.0,411434.0,3900.0,12.0,126.0,3445.0,3786.0
210,US,New York,42.1657,-74.9481,2020-11-09,533797,33903,80646.0,414696.0,3579.0,19.0,152.0,3262.0,3446.0
211,US,New York,42.1657,-74.9481,2020-11-10,537243,33923,80764.0,417493.0,3446.0,20.0,118.0,2797.0,3348.0
212,US,New York,42.1657,-74.9481,2020-11-11,541200,33939,80854.0,421352.0,3957.0,16.0,90.0,3859.0,3883.0
213,US,New York,42.1657,-74.9481,2020-11-12,545453,33961,81020.0,425984.0,4253.0,22.0,166.0,4632.0,4109.0
214,US,New York,42.1657,-74.9481,2020-11-13,550678,33975,81198.0,430589.0,5225.0,14.0,178.0,4605.0,5061.0
215,US,New York,42.1657,-74.9481,2020-11-14,556344,33993,81390.0,435780.0,5666.0,18.0,192.0,5191.0,5492.0
216,US,New York,42.1657,-74.9481,2020-11-15,561921,34010,81585.0,440956.0,5577.0,17.0,195.0,5176.0,5399.0
217,US,New York,42.1657,-74.9481,2020-11-16,566113,34032,81788.0,444380.0,4192.0,22.0,203.0,3424.0,4011.0
218,US,New York,42.1657,-74.9481,2020-11-17,570323,34054,81908.0,447728.0,4210.0,22.0,120.0,3348.0,4112.0
219,US,New York,42.1657,-74.9481,2020-11-18,574935,34156,82022.0,452600.0,4612.0,102.0,114.0,4872.0,4600.0
220,US,New York,42.1657,-74.9481,2020-11-19,579811,34187,82022.0,457863.0,4876.0,31.0,0.0,5263.0,4907.0
221,US,New York,42.1657,-74.9481,2020-11-20,585635,34215,82507.0,462660.0,5824.0,28.0,485.0,4797.0,5367.0
222,US,New York,42.1657,-74.9481,2020-11-21,591368,34252,82766.0,467832.0,5733.0,37.0,259.0,5172.0,5511.0
223,US,New York,42.1657,-74.9481,2020-11-22,597680,34296,83031.0,473496.0,6312.0,44.0,265.0,5664.0,6091.0
224,US,New York,42.1657,-74.9481,2020-11-23,603360,34319,83307.0,478588.0,5680.0,23.0,276.0,5092.0,5427.0
225,US,New York,42.1657,-74.9481,2020-11-24,609797,34345,83307.0,484474.0,6437.0,26.0,0.0,5886.0,6463.0
226,US,New York,42.1657,-74.9481,2020-11-25,614679,34368,83701.0,488938.0,4882.0,23.0,394.0,4464.0,4511.0
227,US,New York,42.1657,-74.9481,2020-11-26,620712,34396,84001.0,494877.0,6033.0,28.0,300.0,5939.0,5761.0
228,US,New York,42.1657,-74.9481,2020-11-27,628024,34451,84339.0,501417.0,7312.0,55.0,338.0,6540.0,7029.0
229,US,New York,42.1657,-74.9481,2020-11-28,636302,34489,84723.0,509175.0,8278.0,38.0,384.0,7758.0,7932.0
230,US,New York,42.1657,-74.9481,2020-11-29,643163,34526,84938.0,514986.0,6861.0,37.0,215.0,5811.0,6683.0
231,US,New York,42.1657,-74.9481,2020-11-30,648641,34573,85287.0,521313.0,5478.0,47.0,349.0,6327.0,5176.0
232,US,New York,42.1657,-74.9481,2020-12-01,656413,34625,85556.0,527819.0,7772.0,52.0,269.0,6506.0,7555.0
233,US,New York,42.1657,-74.9481,2020-12-02,663500,34686,85808.0,534795.0,7087.0,61.0,252.0,6976.0,6896.0
234,US,New York,42.1657,-74.9481,2020-12-03,671635,34745,86201.0,543319.0,8135.0,59.0,393.0,8524.0,7801.0
235,US,New York,42.1657,-74.9481,2020-12-04,681783,34812,86201.0,553117.0,10148.0,67.0,0.0,9798.0,10215.0
236,US,New York,42.1657,-74.9481,2020-12-05,693629,34869,86638.0,563896.0,11846.0,57.0,437.0,10779.0,11466.0
237,US,New York,42.1657,-74.9481,2020-12-06,704683,34939,87473.0,573752.0,11054.0,70.0,835.0,9856.0,10289.0
238,US,New York,42.1657,-74.9481,2020-12-07,714834,34997,87949.0,582920.0,10151.0,58.0,476.0,9168.0,9733.0
239,US,New York,42.1657,-74.9481,2020-12-08,723287,35080,87949.0,590146.0,8453.0,83.0,0.0,7226.0,8536.0
240,US,New York,42.1657,-74.9481,2020-12-09,731722,35170,88584.0,598762.0,8435.0,90.0,635.0,8616.0,7890.0
241,US,New York,42.1657,-74.9481,2020-12-10,740980,35236,89089.0,608792.0,9258.0,66.0,505.0,10030.0,8819.0
242,US,New York,42.1657,-74.9481,2020-12-11,752104,35323,89600.0,618376.0,11124.0,87.0,511.0,9584.0,10700.0
243,US,New York,42.1657,-74.9481,2020-12-12,763228,35420,90152.0,628328.0,11124.0,97.0,552.0,9952.0,10669.0
244,US,New York,42.1657,-74.9481,2020-12-13,774228,35504,90747.0,638778.0,11000.0,84.0,595.0,10450.0,10489.0
245,US,New York,42.1657,-74.9481,2020-12-14,784815,35620,91366.0,648237.0,10587.0,116.0,619.0,9459.0,10084.0
246,US,New York,42.1657,-74.9481,2020-12-15,794953,35702,91366.0,657411.0,10138.0,82.0,0.0,9174.0,10220.0
247,US,New York,42.1657,-74.9481,2020-12-16,803917,35831,92136.0,666590.0,8964.0,129.0,770.0,9179.0,8323.0
248,US,New York,42.1657,-74.9481,2020-12-17,813336,35941,92735.0,675893.0,9419.0,110.0,599.0,9303.0,8930.0
249,US,New York,42.1657,-74.9481,2020-12-18,825059,36067,93418.0,685999.0,11723.0,126.0,683.0,10106.0,11166.0
250,US,New York,42.1657,-74.9481,2020-12-19,837711,36199,94057.0,697932.0,12652.0,132.0,639.0,11933.0,12145.0
251,US,New York,42.1657,-74.9481,2020-12-20,847778,36318,94579.0,707188.0,10067.0,119.0,522.0,9256.0,9664.0
252,US,New York,42.1657,-74.9481,2020-12-21,857083,36431,94579.0,717032.0,9305.0,113.0,0.0,9844.0,9418.0
253,US,New York,42.1657,-74.9481,2020-12-22,866888,36568,95779.0,724702.0,9805.0,137.0,1200.0,7670.0,8742.0
254,US,New York,42.1657,-74.9481,2020-12-23,876281,36724,96185.0,733856.0,9393.0,156.0,406.0,9154.0,9143.0
255,US,New York,42.1657,-74.9481,2020-12-24,886813,36876,96857.0,744969.0,10532.0,152.0,672.0,11113.0,10012.0
256,US,New York,42.1657,-74.9481,2020-12-25,899837,37028,97600.0,756642.0,13024.0,152.0,743.0,11673.0,12433.0
257,US,New York,42.1657,-74.9481,2020-12-26,912885,37158,98350.0,768208.0,13048.0,130.0,750.0,11566.0,12428.0
258,US,New York,42.1657,-74.9481,2020-12-27,924014,37286,99156.0,778080.0,11129.0,128.0,806.0,9872.0,10451.0
259,US,New York,42.1657,-74.9481,2020-12-28,932022,37411,99583.0,785151.0,8008.0,125.0,427.0,7071.0,7706.0
260,US,New York,42.1657,-74.9481,2020-12-29,940290,37548,100008.0,794996.0,8268.0,137.0,425.0,9845.0,7980.0
261,US,New York,42.1657,-74.9481,2020-12-30,950473,37687,100442.0,812344.0,10183.0,139.0,434.0,17348.0,9888.0
262,US,New York,42.1657,-74.9481,2020-12-31,963390,37840,101295.0,824255.0,12917.0,153.0,853.0,11911.0,12217.0
263,US,New York,42.1657,-74.9481,2021-01-01,978783,37983,102129.0,838671.0,15393.0,143.0,834.0,14416.0,14702.0
264,US,New York,42.1657,-74.9481,2021-01-02,995816,38155,102968.0,854693.0,17033.0,172.0,839.0,16022.0,16366.0
265,US,New York,42.1657,-74.9481,2021-01-03,1011665,38273,103828.0,869564.0,15849.0,118.0,860.0,14871.0,15107.0
266,US,New York,42.1657,-74.9481,2021-01-04,1023897,38415,104402.0,881080.0,12232.0,142.0,574.0,11516.0,11800.0
267,US,New York,42.1657,-74.9481,2021-01-05,1035139,38599,104939.0,891601.0,11242.0,184.0,537.0,10521.0,10889.0
268,US,New York,42.1657,-74.9481,2021-01-06,1048281,38743,105379.0,904159.0,13142.0,144.0,440.0,12558.0,12846.0
269,US,New York,42.1657,-74.9481,2021-01-07,1064297,38912,105379.0,920006.0,16016.0,169.0,0.0,15847.0,16185.0
270,US,New York,42.1657,-74.9481,2021-01-08,1081885,39118,107243.0,935524.0,17588.0,206.0,1864.0,15518.0,15930.0
271,US,New York,42.1657,-74.9481,2021-01-09,1101445,39282,108144.0,954019.0,19560.0,164.0,901.0,18495.0,18823.0
272,US,New York,42.1657,-74.9481,2021-01-10,1119284,39471,109035.0,970778.0,17839.0,189.0,891.0,16759.0,17137.0
273,US,New York,42.1657,-74.9481,2021-01-11,1135592,39632,109982.0,985978.0,16308.0,161.0,947.0,15200.0,15522.0
274,US,New York,42.1657,-74.9481,2021-01-12,1149771,39834,110600.0,999337.0,14179.0,202.0,618.0,13359.0,13763.0
275,US,New York,42.1657,-74.9481,2021-01-13,1164562,40020,111141.0,1013401.0,14791.0,186.0,541.0,14064.0,14436.0
276,US,New York,42.1657,-74.9481,2021-01-14,1179266,40192,112023.0,1027051.0,14704.0,172.0,882.0,13650.0,13994.0
277,US,New York,42.1657,-74.9481,2021-01-15,1193453,40435,112979.0,1040039.0,14187.0,243.0,956.0,12988.0,13474.0
278,US,New York,42.1657,-74.9481,2021-01-16,1212922,40637,113919.0,1058366.0,19469.0,202.0,940.0,18327.0,18731.0
279,US,New York,42.1657,-74.9481,2021-01-17,1228867,40806,114868.0,1073193.0,15945.0,169.0,949.0,14827.0,15165.0
280,US,New York,42.1657,-74.9481,2021-01-18,1242561,40993,115901.0,1085667.0,13694.0,187.0,1033.0,12474.0,12848.0
281,US,New York,42.1657,-74.9481,2021-01-19,1255971,41173,116502.0,1098296.0,13410.0,180.0,601.0,12629.0,12989.0
282,US,New York,42.1657,-74.9481,2021-01-20,1268692,41368,117052.0,1110272.0,12721.0,195.0,550.0,11976.0,12366.0
283,US,New York,42.1657,-74.9481,2021-01-21,1279811,41587,117882.0,1120342.0,11119.0,219.0,830.0,10070.0,10508.0
284,US,New York,42.1657,-74.9481,2021-01-22,1293719,41787,118889.0,1133043.0,13908.0,200.0,1007.0,12701.0,13101.0
285,US,New York,42.1657,-74.9481,2021-01-23,1309403,41974,119953.0,1147476.0,15684.0,187.0,1064.0,14433.0,14807.0
286,US,New York,42.1657,-74.9481,2021-01-24,1323312,42134,120901.0,1160277.0,13909.0,160.0,948.0,12801.0,13121.0
287,US,New York,42.1657,-74.9481,2021-01-25,1335695,42325,121923.0,1171447.0,12383.0,191.0,1022.0,11170.0,11552.0
288,US,New York,42.1657,-74.9481,2021-01-26,1347667,42544,122544.0,1182579.0,11972.0,219.0,621.0,11132.0,11570.0
289,US,New York,42.1657,-74.9481,2021-01-27,1358707,42726,123094.0,1192887.0,11040.0,182.0,550.0,10308.0,10672.0
290,US,New York,42.1657,-74.9481,2021-01-28,1369072,42887,124003.0,1202182.0,10365.0,161.0,909.0,9295.0,9617.0
291,US,New York,42.1657,-74.9481,2021-01-29,1382855,43093,124976.0,1214786.0,13783.0,206.0,973.0,12604.0,13016.0
292,US,New York,42.1657,-74.9481,2021-01-30,1395806,43278,125909.0,1226619.0,12951.0,185.0,933.0,11833.0,12203.0
293,US,New York,42.1657,-74.9481,2021-01-31,1408698,43453,126842.0,1238403.0,12892.0,175.0,933.0,11784.0,12134.0
294,US,New York,42.1657,-74.9481,2021-02-01,1419907,43634,127798.0,1248475.0,11209.0,181.0,956.0,10072.0,10434.0
295,US,New York,42.1657,-74.9481,2021-02-02,1428839,43805,128354.0,1256680.0,8932.0,171.0,556.0,8205.0,8547.0
296,US,New York,42.1657,-74.9481,2021-02-03,1436788,43982,128889.0,1263917.0,7949.0,177.0,535.0,7237.0,7591.0
297,US,New York,42.1657,-74.9481,2021-02-04,1443942,44148,129378.0,1270416.0,7154.0,166.0,489.0,6499.0,6831.0
298,US,New York,42.1657,-74.9481,2021-02-05,1450912,44298,130302.0,1276312.0,6970.0,150.0,924.0,5896.0,6196.0
299,US,New York,42.1657,-74.9481,2021-02-06,1458809,44466,131165.0,1283178.0,7897.0,168.0,863.0,6866.0,7202.0
300,US,New York,42.1657,-74.9481,2021-02-07,1470301,44664,132012.0,1293625.0,11492.0,198.0,847.0,10447.0,10843.0
301,US,New York,42.1657,-74.9481,2021-02-08,1480224,44839,132905.0,1302480.0,9923.0,175.0,893.0,8855.0,9205.0
302,US,New York,42.1657,-74.9481,2021-02-09,1489196,44969,133470.0,1310757.0,8972.0,130.0,565.0,8277.0,8537.0
303,US,New York,42.1657,-74.9481,2021-02-10,1497475,45140,133869.0,1318466.0,8279.0,171.0,399.0,7709.0,8051.0
304,US,New York,42.1657,-74.9481,2021-02-11,1504059,45312,134742.0,1324005.0,6584.0,172.0,873.0,5539.0,5883.0
305,US,New York,42.1657,-74.9481,2021-02-12,1514070,45453,135657.0,1332960.0,10011.0,141.0,915.0,8955.0,9237.0
306,US,New York,42.1657,-74.9481,2021-02-13,1522785,45597,136491.0,1340697.0,8715.0,144.0,834.0,7737.0,8025.0
307,US,New York,42.1657,-74.9481,2021-02-14,1531540,45751,137276.0,1348513.0,8755.0,154.0,785.0,7816.0,8124.0
308,US,New York,42.1657,-74.9481,2021-02-15,1539870,45884,138050.0,1355936.0,8330.0,133.0,774.0,7423.0,7689.0
309,US,New York,42.1657,-74.9481,2021-02-16,1546408,46000,138542.0,1361866.0,6538.0,116.0,492.0,5930.0,6162.0
310,US,New York,42.1657,-74.9481,2021-02-17,1553117,46141,138975.0,1368001.0,6709.0,141.0,433.0,6135.0,6417.0
311,US,New York,42.1657,-74.9481,2021-02-18,1559042,46267,139544.0,1373231.0,5925.0,126.0,569.0,5230.0,5482.0
312,US,New York,42.1657,-74.9481,2021-02-19,1568624,46436,140215.0,1381973.0,9582.0,169.0,671.0,8742.0,9080.0
313,US,New York,42.1657,-74.9481,2021-02-20,1577197,46593,140968.0,1389636.0,8573.0,157.0,753.0,7663.0,7977.0
314,US,New York,42.1657,-74.9481,2021-02-21,1585435,46703,141592.0,1397140.0,8238.0,110.0,624.0,7504.0,7724.0
315,US,New York,42.1657,-74.9481,2021-02-22,1591672,46812,142307.0,1402553.0,6237.0,109.0,715.0,5413.0,5631.0
316,US,New York,42.1657,-74.9481,2021-02-23,1597969,46924,142724.0,1408321.0,6297.0,112.0,417.0,5768.0,5992.0
317,US,New York,42.1657,-74.9481,2021-02-24,1604892,47037,,1557855.0,6923.0,113.0,417.0,149534.0,
318,US,New York,42.1657,-74.9481,2021-02-25,1611031,47156,,1563875.0,6139.0,119.0,417.0,6020.0,
319,US,New York,42.1657,-74.9481,2021-02-26,1619924,47264,,1572660.0,8893.0,108.0,417.0,8785.0,
320,US,New York,42.1657,-74.9481,2021-02-27,1627998,47389,,1580609.0,8074.0,125.0,417.0,7949.0,
321,US,New York,42.1657,-74.9481,2021-02-28,1636040,47498,,1588542.0,8042.0,109.0,417.0,7933.0,
322,US,New York,42.1657,-74.9481,2021-03-01,1643867,47615,,1596252.0,7827.0,117.0,417.0,7710.0,
323,US,New York,42.1657,-74.9481,2021-03-02,1650303,47719,,1602584.0,6436.0,104.0,417.0,6332.0,
324,US,New York,42.1657,-74.9481,2021-03-03,1656684,47818,,1608866.0,6381.0,99.0,417.0,6282.0,
325,US,New York,42.1657,-74.9481,2021-03-04,1663248,47935,,1615313.0,6564.0,117.0,417.0,6447.0,
326,US,New York,42.1657,-74.9481,2021-03-05,1670716,48049,,1622667.0,7468.0,114.0,417.0,7354.0,
327,US,New York,42.1657,-74.9481,2021-03-06,1678867,48153,,1630714.0,8151.0,104.0,417.0,8047.0,
328,US,New York,42.1657,-74.9481,2021-03-07,1686993,48247,,1638746.0,8126.0,94.0,417.0,8032.0,
329,US,New York,42.1657,-74.9481,2021-03-08,1694651,48335,,,7658.0,88.0,417.0,,
330,US,New York,42.1657,-74.9481,2021-03-09,1700091,48401,,,5440.0,66.0,417.0,,
331,US,New York,42.1657,-74.9481,2021-03-10,1706924,48481,,,6833.0,80.0,417.0,,
332,US,New York,42.1657,-74.9481,2021-03-11,1713030,48573,,,6106.0,92.0,417.0,,
333,US,New York,42.1657,-74.9481,2021-03-12,1720199,48690,,,7169.0,117.0,417.0,,
334,US,New York,42.1657,-74.9481,2021-03-13,1724425,48757,,,4226.0,67.0,417.0,,
335,US,New York,42.1657,-74.9481,2021-03-14,1734676,48850,,,10251.0,93.0,417.0,,
336,US,New York,42.1657,-74.9481,2021-03-15,1741363,48953,,,6687.0,103.0,417.0,,
337,US,New York,42.1657,-74.9481,2021-03-16,1748482,49016,,,7119.0,63.0,417.0,,
338,US,New York,42.1657,-74.9481,2021-03-17,1755193,49110,,,6711.0,94.0,417.0,,
339,US,New York,42.1657,-74.9481,2021-03-18,1761775,49171,,,6582.0,61.0,417.0,,
340,US,New York,42.1657,-74.9481,2021-03-19,1767290,49262,,,5515.0,91.0,417.0,,
341,US,New York,42.1657,-74.9481,2021-03-20,1772367,49335,,,5077.0,73.0,417.0,,
342,US,New York,42.1657,-74.9481,2021-03-21,1779034,49401,,,6667.0,66.0,417.0,,
343,US,New York,42.1657,-74.9481,2021-03-22,1782769,49426,,,3735.0,25.0,417.0,,
344,US,New York,42.1657,-74.9481,2021-03-23,1785565,49444,,,2796.0,18.0,417.0,,
345,US,New York,42.1657,-74.9481,2021-03-24,1788874,49462,,,3309.0,18.0,417.0,,
346,US,New York,42.1657,-74.9481,2021-03-25,1816518,49717,,,27644.0,255.0,417.0,,
347,US,New York,42.1657,-74.9481,2021-03-26,1825069,49790,,,8551.0,73.0,417.0,,
348,US,New York,42.1657,-74.9481,2021-03-27,1833128,49848,,,8059.0,58.0,417.0,,
349,US,New York,42.1657,-74.9481,2021-03-28,1841822,49928,,,8694.0,80.0,417.0,,
350,US,New York,42.1657,-74.9481,2021-03-29,1850732,50017,,,8910.0,89.0,417.0,,
351,US,New York,42.1657,-74.9481,2021-03-30,1859474,50158,,,8742.0,141.0,417.0,,
352,US,New York,42.1657,-74.9481,2021-03-31,1865349,50212,,,5875.0,54.0,417.0,,
353,US,New York,42.1657,-74.9481,2021-04-01,1873138,50299,,,7789.0,87.0,417.0,,
354,US,New York,42.1657,-74.9481,2021-04-02,1882308,50375,,,9170.0,76.0,417.0,,
355,US,New York,42.1657,-74.9481,2021-04-03,1890346,50458,,,8038.0,83.0,417.0,,
356,US,New York,42.1657,-74.9481,2021-04-04,1898101,50551,,,7755.0,93.0,417.0,,
357,US,New York,42.1657,-74.9481,2021-04-05,1905737,50633,,,7636.0,82.0,417.0,,
358,US,New York,42.1657,-74.9481,2021-04-06,1912396,50706,,,6659.0,73.0,417.0,,
359,US,New York,42.1657,-74.9481,2021-04-07,1918437,50751,,,6041.0,45.0,417.0,,
360,US,New York,42.1657,-74.9481,2021-04-08,1925080,50843,,,6643.0,92.0,417.0,,
361,US,New York,42.1657,-74.9481,2021-04-09,1933807,50898,,,8727.0,55.0,417.0,,
362,US,New York,42.1657,-74.9481,2021-04-10,1942469,50977,,,8662.0,79.0,417.0,,
363,US,New York,42.1657,-74.9481,2021-04-11,1949964,51036,,,7495.0,59.0,417.0,,
364,US,New York,42.1657,-74.9481,2021-04-12,1956594,51117,,,6630.0,81.0,417.0,,
365,US,New York,42.1657,-74.9481,2021-04-13,1962225,51204,,,5631.0,87.0,417.0,,
366,US,New York,42.1657,-74.9481,2021-04-14,1967248,51258,,,5023.0,54.0,417.0,,
367,US,New York,42.1657,-74.9481,2021-04-15,1973308,51350,,,6060.0,92.0,417.0,,
368,US,New York,42.1657,-74.9481,2021-04-16,1980337,51418,,,7029.0,68.0,417.0,,
369,US,New York,42.1657,-74.9481,2021-04-17,1986681,51470,,,6344.0,52.0,417.0,,
370,US,New York,42.1657,-74.9481,2021-04-18,1993271,51537,,,6590.0,67.0,417.0,,
371,US,New York,42.1657,-74.9481,2021-04-19,1998912,51579,,,5641.0,42.0,417.0,,
372,US,New York,42.1657,-74.9481,2021-04-20,2003938,51627,,,5026.0,48.0,417.0,,
373,US,New York,42.1657,-74.9481,2021-04-21,2008514,51689,,,4576.0,62.0,417.0,,
374,US,New York,42.1657,-74.9481,2021-04-22,2012806,51732,,,4292.0,43.0,417.0,,
