,Country_Region,Province_State,Lat,Long_,Last_Update1,Confirmed,Deaths,Recovered,Active,People_Tested,People_Hospitalized,Daily_Confirmed,Daily_Deaths,Daily_Recovered,Daily_Active,Daily_Tested,Daily_Hospitalized,IP
0,US,New York,42.1657,-74.9481,2020-04-12,189033,9385,23887.0,179648.0,461601,42594.0,189033.0,9385.0,23887.0,179648.0,461601.0,42594.0,174531.0
1,US,New York,42.1657,-74.9481,2020-04-13,195749,10058,23887.0,185691.0,478357,42712.0,6716.0,673.0,0.0,6043.0,16756.0,118.0,7389.0
2,US,New York,42.1657,-74.9481,2020-04-14,203020,10842,23887.0,192178.0,499143,46201.0,7271.0,784.0,0.0,6487.0,20786.0,3489.0,8055.0
3,US,New York,42.1657,-74.9481,2020-04-15,214454,11617,23887.0,202837.0,526012,46201.0,11434.0,775.0,0.0,10659.0,26869.0,0.0,12209.0
4,US,New York,42.1657,-74.9481,2020-04-16,223691,14832,23887.0,208859.0,550579,50450.0,9237.0,3215.0,0.0,6022.0,24567.0,4249.0,12452.0
5,US,New York,42.1657,-74.9481,2020-04-17,230597,17131,23887.0,213466.0,550579,52424.0,6906.0,2299.0,0.0,4607.0,0.0,1974.0,9205.0
6,US,New York,42.1657,-74.9481,2020-04-18,241712,17671,23887.0,224041.0,596532,54339.0,11115.0,540.0,0.0,10575.0,45953.0,1915.0,11655.0
7,US,New York,42.1657,-74.9481,2020-04-19,247815,18298,23887.0,229517.0,617555,55723.0,6103.0,627.0,0.0,5476.0,21023.0,1384.0,6730.0
8,US,New York,42.1657,-74.9481,2020-04-20,253060,18611,23887.0,234449.0,633861,57103.0,5245.0,313.0,0.0,4932.0,16306.0,1380.0,5558.0
9,US,New York,42.1657,-74.9481,2020-04-21,258361,19104,23887.0,239257.0,649325,57103.0,5301.0,493.0,0.0,4808.0,15464.0,0.0,5794.0
10,US,New York,42.1657,-74.9481,2020-04-22,263292,19413,23887.0,243879.0,669982,57103.0,4931.0,309.0,0.0,4622.0,20657.0,0.0,5240.0
11,US,New York,42.1657,-74.9481,2020-04-24,263460,20973,23887.0,242487.0,695920,57103.0,168.0,1560.0,0.0,-1392.0,25938.0,0.0,1728.0
12,US,New York,42.1657,-74.9481,2020-04-25,271590,21411,23887.0,250179.0,730656,57103.0,8130.0,438.0,0.0,7692.0,34736.0,0.0,8568.0
13,US,New York,42.1657,-74.9481,2020-04-26,282143,22009,23887.0,260134.0,777568,57103.0,10553.0,598.0,0.0,9955.0,46912.0,0.0,11151.0
14,US,New York,42.1657,-74.9481,2020-04-27,288045,22269,23887.0,265776.0,805350,57103.0,5902.0,260.0,0.0,5642.0,27782.0,0.0,6162.0
15,US,New York,42.1657,-74.9481,2020-04-28,291996,22668,23887.0,269328.0,826095,57103.0,3951.0,399.0,0.0,3552.0,20745.0,0.0,4350.0
16,US,New York,42.1657,-74.9481,2020-04-29,295106,22912,51630.0,272194.0,844994,64275.0,3110.0,244.0,27743.0,2866.0,18899.0,7172.0,-24389.0
17,US,New York,42.1657,-74.9481,2020-04-30,299691,23477,53238.0,276214.0,872481,65397.0,4585.0,565.0,1608.0,4020.0,27487.0,1122.0,3542.0
18,US,New York,42.1657,-74.9481,2020-05-01,304372,23587,54771.0,226014.0,900636,66369.0,4681.0,110.0,1533.0,-50200.0,28155.0,972.0,3258.0
19,US,New York,42.1657,-74.9481,2020-05-02,308314,24039,56187.0,228088.0,927438,67180.0,3942.0,452.0,1416.0,2074.0,26802.0,811.0,2978.0
20,US,New York,42.1657,-74.9481,2020-05-03,312977,24198,57540.0,231239.0,959071,67890.0,4663.0,159.0,1353.0,3151.0,31633.0,710.0,3469.0
21,US,New York,42.1657,-74.9481,2020-05-04,316415,24708,58950.0,232757.0,985911,68736.0,3438.0,510.0,1410.0,1518.0,26840.0,846.0,2538.0
22,US,New York,42.1657,-74.9481,2020-05-05,318953,24999,58950.0,235004.0,1007310,69331.0,2538.0,291.0,0.0,2247.0,21399.0,595.0,2829.0
23,US,New York,42.1657,-74.9481,2020-05-06,321192,25124,58950.0,237118.0,1028899,69867.0,2239.0,125.0,0.0,2114.0,21589.0,536.0,2364.0
24,US,New York,42.1657,-74.9481,2020-05-07,323978,25623,54597.0,243758.0,1028899,70539.0,2786.0,499.0,,6640.0,0.0,672.0,
25,US,New York,42.1657,-74.9481,2020-05-08,327469,26144,55547.0,245778.0,1089916,71152.0,3491.0,521.0,950.0,2020.0,61017.0,613.0,3062.0
26,US,New York,42.1657,-74.9481,2020-05-09,330407,26243,56378.0,247786.0,1121543,71679.0,2938.0,99.0,831.0,2008.0,31627.0,527.0,2206.0
27,US,New York,42.1657,-74.9481,2020-05-10,333122,26612,57180.0,249330.0,1153768,72255.0,2715.0,369.0,802.0,1544.0,32225.0,576.0,2282.0
28,US,New York,42.1657,-74.9481,2020-05-11,335395,26641,58006.0,250748.0,1182998,72715.0,2273.0,29.0,826.0,1418.0,29230.0,460.0,1476.0
29,US,New York,42.1657,-74.9481,2020-05-12,337055,26988,58363.0,251704.0,1204651,73143.0,1660.0,347.0,357.0,956.0,21653.0,428.0,1650.0
30,US,New York,42.1657,-74.9481,2020-05-13,338485,27284,58679.0,252522.0,1225113,73143.0,1430.0,296.0,316.0,818.0,20462.0,0.0,1410.0
31,US,New York,42.1657,-74.9481,2020-05-14,340661,27477,59193.0,253991.0,1258907,73963.0,2176.0,193.0,514.0,1469.0,33794.0,820.0,1855.0
32,US,New York,42.1657,-74.9481,2020-05-15,343051,27641,59758.0,255652.0,1298757,74433.0,2390.0,164.0,565.0,1661.0,39850.0,470.0,1989.0
33,US,New York,42.1657,-74.9481,2020-05-16,345813,27878,60302.0,257633.0,1338048,74751.0,2762.0,237.0,544.0,1981.0,39291.0,318.0,2455.0
34,US,New York,42.1657,-74.9481,2020-05-17,348232,28049,60796.0,259387.0,1378717,75163.0,2419.0,171.0,494.0,1754.0,40669.0,412.0,2096.0
35,US,New York,42.1657,-74.9481,2020-05-18,350121,28232,61381.0,260508.0,1413396,75525.0,1889.0,183.0,585.0,1121.0,34679.0,362.0,1487.0
36,US,New York,42.1657,-74.9481,2020-05-19,351371,28339,61681.0,261351.0,1439557,75870.0,1250.0,107.0,300.0,843.0,26161.0,345.0,1057.0
37,US,New York,42.1657,-74.9481,2020-05-20,352845,28558,61886.0,262401.0,1467739,76168.0,1474.0,219.0,205.0,1050.0,28182.0,298.0,1488.0
38,US,New York,42.1657,-74.9481,2020-05-21,354370,28636,61886.0,263848.0,1505836,76410.0,1525.0,78.0,0.0,1447.0,38097.0,242.0,1603.0
39,US,New York,42.1657,-74.9481,2020-05-22,356458,28743,62826.0,264889.0,1555055,76608.0,2088.0,107.0,940.0,1041.0,49219.0,198.0,1255.0
40,US,New York,42.1657,-74.9481,2020-05-23,358154,28853,63292.0,266009.0,1600793,76843.0,1696.0,110.0,466.0,1120.0,45738.0,235.0,1340.0
41,US,New York,42.1657,-74.9481,2020-05-24,359926,29031,63292.0,267603.0,1652061,77034.0,1772.0,178.0,0.0,1594.0,51268.0,191.0,1950.0
42,US,New York,42.1657,-74.9481,2020-05-25,361515,29141,64080.0,268294.0,1699826,77295.0,1589.0,110.0,788.0,691.0,47765.0,261.0,911.0
43,US,New York,42.1657,-74.9481,2020-05-26,362764,29229,64280.0,269255.0,1739449,77525.0,1249.0,88.0,200.0,961.0,39623.0,230.0,1137.0
44,US,New York,42.1657,-74.9481,2020-05-27,363836,29302,64443.0,270091.0,1774128,77637.0,1072.0,73.0,163.0,836.0,34679.0,112.0,982.0
45,US,New York,42.1657,-74.9481,2020-05-28,364965,29484,64632.0,270849.0,1811544,77838.0,1129.0,182.0,189.0,758.0,37416.0,201.0,1122.0
46,US,New York,42.1657,-74.9481,2020-05-29,366733,29529,64954.0,272250.0,1876789,78043.0,1768.0,45.0,322.0,1401.0,65245.0,205.0,1491.0
47,US,New York,42.1657,-74.9481,2020-05-30,368284,29646,65289.0,273349.0,1944130,89194.0,1551.0,117.0,335.0,1099.0,67341.0,11151.0,1333.0
48,US,New York,42.1657,-74.9481,2020-05-31,369660,29710,65609.0,274341.0,2005381,89400.0,1376.0,64.0,320.0,992.0,61251.0,206.0,1120.0
49,US,New York,42.1657,-74.9481,2020-06-01,370770,29784,65934.0,275052.0,2063825,89590.0,1110.0,74.0,325.0,711.0,58444.0,190.0,859.0
50,US,New York,42.1657,-74.9481,2020-06-02,371711,29917,66110.0,275684.0,2113777,89703.0,941.0,133.0,176.0,632.0,49952.0,113.0,898.0
51,US,New York,42.1657,-74.9481,2020-06-03,373040,29968,66262.0,276810.0,2167831,89861.0,1329.0,51.0,152.0,1126.0,54054.0,158.0,1228.0
52,US,New York,42.1657,-74.9481,2020-06-04,374085,30019,66502.0,277564.0,2229473,89995.0,1045.0,51.0,240.0,754.0,61642.0,134.0,856.0
53,US,New York,42.1657,-74.9481,2020-06-05,375133,30174,66756.0,278203.0,2293032,89995.0,1048.0,155.0,254.0,639.0,63559.0,0.0,949.0
54,US,New York,42.1657,-74.9481,2020-06-06,376208,30236,66992.0,278980.0,2359512,89995.0,1075.0,62.0,236.0,777.0,66480.0,0.0,901.0
55,US,New York,42.1657,-74.9481,2020-06-07,377316,30280,67261.0,279775.0,2437407,89995.0,1108.0,44.0,269.0,795.0,77895.0,0.0,883.0
56,US,New York,42.1657,-74.9481,2020-06-08,378097,30374,67544.0,280179.0,2497842,89995.0,781.0,94.0,283.0,404.0,60435.0,0.0,592.0
57,US,New York,42.1657,-74.9481,2020-06-09,378799,30417,67687.0,280695.0,2555896,89995.0,702.0,43.0,143.0,516.0,58054.0,0.0,602.0
58,US,New York,42.1657,-74.9481,2020-06-10,379482,30458,67808.0,281216.0,2605869,89995.0,683.0,41.0,121.0,521.0,49973.0,0.0,603.0
59,US,New York,42.1657,-74.9481,2020-06-11,380156,30542,68019.0,281595.0,2668166,89995.0,674.0,84.0,211.0,379.0,62297.0,0.0,547.0
60,US,New York,42.1657,-74.9481,2020-06-12,380892,30580,68211.0,282101.0,2729005,89995.0,736.0,38.0,192.0,506.0,60839.0,0.0,582.0
61,US,New York,42.1657,-74.9481,2020-06-13,381714,30758,68399.0,282557.0,2801400,89995.0,822.0,178.0,188.0,456.0,72395.0,0.0,812.0
62,US,New York,42.1657,-74.9481,2020-06-14,382630,30795,68584.0,283251.0,2872240,89995.0,916.0,37.0,185.0,694.0,70840.0,0.0,768.0
63,US,New York,42.1657,-74.9481,2020-06-15,383324,30825,68761.0,283738.0,2934599,89995.0,694.0,30.0,177.0,487.0,62359.0,0.0,547.0
64,US,New York,42.1657,-74.9481,2020-06-16,383944,30856,68851.0,284237.0,2991210,89995.0,620.0,31.0,90.0,499.0,56611.0,0.0,561.0
65,US,New York,42.1657,-74.9481,2020-06-17,384575,30909,68938.0,284728.0,3051778,89995.0,631.0,53.0,87.0,491.0,60568.0,0.0,597.0
66,US,New York,42.1657,-74.9481,2020-06-18,385142,30939,69085.0,285118.0,3111119,89995.0,567.0,30.0,147.0,390.0,59341.0,0.0,450.0
67,US,New York,42.1657,-74.9481,2020-06-19,385760,30974,69243.0,285543.0,3179660,89995.0,618.0,35.0,158.0,425.0,68541.0,0.0,495.0
68,US,New York,42.1657,-74.9481,2020-06-20,386556,31015,69377.0,286164.0,3258963,89995.0,796.0,41.0,134.0,621.0,79303.0,0.0,703.0
69,US,New York,42.1657,-74.9481,2020-06-21,387272,31083,69506.0,286683.0,3327793,89995.0,716.0,68.0,129.0,519.0,68830.0,0.0,655.0
70,US,New York,42.1657,-74.9481,2020-06-22,387936,31125,69506.0,287305.0,3395319,89995.0,664.0,42.0,0.0,622.0,67526.0,0.0,706.0
71,US,New York,42.1657,-74.9481,2020-06-23,388488,31176,69710.0,287602.0,3452099,89995.0,552.0,51.0,204.0,297.0,56780.0,0.0,399.0
72,US,New York,42.1657,-74.9481,2020-06-24,389085,31232,69710.0,288143.0,3500808,89995.0,597.0,56.0,0.0,541.0,48709.0,0.0,653.0
73,US,New York,42.1657,-74.9481,2020-06-25,389666,31257,69710.0,288699.0,3551952,89995.0,581.0,25.0,0.0,556.0,51144.0,0.0,606.0
74,US,New York,42.1657,-74.9481,2020-06-26,390415,31301,70010.0,289104.0,3619594,89995.0,749.0,44.0,300.0,405.0,67642.0,0.0,493.0
75,US,New York,42.1657,-74.9481,2020-06-27,391220,31342,70010.0,289868.0,3681317,89995.0,805.0,41.0,0.0,764.0,61723.0,0.0,846.0
76,US,New York,42.1657,-74.9481,2020-06-28,391923,31368,70010.0,290545.0,3754579,89995.0,703.0,26.0,0.0,677.0,73262.0,0.0,729.0
77,US,New York,42.1657,-74.9481,2020-06-29,392539,31397,70010.0,291132.0,3816485,89995.0,616.0,29.0,0.0,587.0,61906.0,0.0,645.0
78,US,New York,42.1657,-74.9481,2020-06-30,393403,31403,70435.0,291565.0,3862913,89995.0,864.0,6.0,425.0,433.0,46428.0,0.0,445.0
79,US,New York,42.1657,-74.9481,2020-07-01,393454,32032,70487.0,290935.0,3914938,89995.0,51.0,629.0,52.0,-630.0,52025.0,0.0,628.0
80,US,New York,42.1657,-74.9481,2020-07-02,394079,32043,70590.0,291446.0,3971648,89995.0,625.0,11.0,103.0,511.0,56710.0,0.0,533.0
81,US,New York,42.1657,-74.9481,2020-07-03,394954,32064,70698.0,292192.0,4041593,89995.0,875.0,21.0,108.0,746.0,69945.0,0.0,788.0
82,US,New York,42.1657,-74.9481,2020-07-04,395872,32137,70794.0,292941.0,4107985,89995.0,918.0,73.0,96.0,749.0,66392.0,0.0,895.0
83,US,New York,42.1657,-74.9481,2020-07-05,396598,32157,70877.0,293564.0,4170388,89995.0,726.0,20.0,83.0,623.0,62403.0,0.0,663.0
84,US,New York,42.1657,-74.9481,2020-07-06,397131,32206,70968.0,293957.0,4233803,89995.0,533.0,49.0,91.0,393.0,63415.0,0.0,491.0
85,US,New York,42.1657,-74.9481,2020-07-07,397649,32219,71040.0,294390.0,4288131,89995.0,518.0,13.0,72.0,433.0,54328.0,0.0,459.0
86,US,New York,42.1657,-74.9481,2020-07-08,398237,32243,71091.0,294903.0,4344867,89995.0,588.0,24.0,51.0,513.0,56736.0,0.0,561.0
87,US,New York,42.1657,-74.9481,2020-07-09,398929,32251,71185.0,295493.0,4402452,89995.0,692.0,8.0,94.0,590.0,57585.0,0.0,606.0
88,US,New York,42.1657,-74.9481,2020-07-10,399513,32283,71279.0,295951.0,4468016,89995.0,584.0,32.0,94.0,458.0,65564.0,0.0,522.0
89,US,New York,42.1657,-74.9481,2020-07-11,400299,32331,71371.0,296597.0,4541574,89995.0,786.0,48.0,92.0,646.0,73558.0,0.0,742.0
90,US,New York,42.1657,-74.9481,2020-07-12,401029,32343,71477.0,297209.0,4610777,89995.0,730.0,12.0,106.0,612.0,69203.0,0.0,636.0
91,US,New York,42.1657,-74.9481,2020-07-13,401706,32350,71565.0,297791.0,4673195,89995.0,677.0,7.0,88.0,582.0,62418.0,0.0,596.0
92,US,New York,42.1657,-74.9481,2020-07-14,402263,32395,71643.0,298225.0,4724882,89995.0,557.0,45.0,78.0,434.0,51687.0,0.0,524.0
93,US,New York,42.1657,-74.9481,2020-07-15,403175,32408,71692.0,299075.0,4784927,89995.0,912.0,13.0,49.0,850.0,60045.0,0.0,876.0
94,US,New York,42.1657,-74.9481,2020-07-16,404006,32427,71782.0,299797.0,4848525,89995.0,831.0,19.0,90.0,722.0,63598.0,0.0,760.0
95,US,New York,42.1657,-74.9481,2020-07-17,404775,32446,71867.0,300462.0,4921210,89995.0,769.0,19.0,85.0,665.0,72685.0,0.0,703.0
96,US,New York,42.1657,-74.9481,2020-07-18,405551,32463,71970.0,301118.0,4999449,89995.0,776.0,17.0,103.0,656.0,78239.0,0.0,690.0
97,US,New York,42.1657,-74.9481,2020-07-19,406305,32478,72064.0,301763.0,5069266,89995.0,754.0,15.0,94.0,645.0,69817.0,0.0,675.0
98,US,New York,42.1657,-74.9481,2020-07-20,406807,32495,72161.0,302151.0,5115470,89995.0,502.0,17.0,97.0,388.0,46204.0,0.0,422.0
99,US,New York,42.1657,-74.9481,2020-07-21,407326,32506,72229.0,302591.0,5164812,89995.0,519.0,11.0,68.0,440.0,49342.0,0.0,462.0
100,US,New York,42.1657,-74.9481,2020-07-22,408181,32520,72302.0,303359.0,5230981,89995.0,855.0,14.0,73.0,768.0,66169.0,0.0,796.0
101,US,New York,42.1657,-74.9481,2020-07-23,408886,32558,72386.0,303942.0,5298640,89995.0,705.0,38.0,84.0,583.0,67659.0,0.0,659.0
102,US,New York,42.1657,-74.9481,2020-07-24,409697,32594,72466.0,304637.0,5368338,89995.0,811.0,36.0,80.0,695.0,69698.0,0.0,767.0
103,US,New York,42.1657,-74.9481,2020-07-25,410450,32596,72552.0,305302.0,5444845,89995.0,753.0,2.0,86.0,665.0,76507.0,0.0,669.0
104,US,New York,42.1657,-74.9481,2020-07-26,411200,32608,72632.0,305960.0,5516311,89995.0,750.0,12.0,80.0,658.0,71466.0,0.0,682.0
105,US,New York,42.1657,-74.9481,2020-07-27,411736,32630,72716.0,306390.0,5569879,89995.0,536.0,22.0,84.0,430.0,53568.0,0.0,474.0
106,US,New York,42.1657,-74.9481,2020-07-28,412344,32645,72766.0,306933.0,5627149,89995.0,608.0,15.0,50.0,543.0,57270.0,0.0,573.0
107,US,New York,42.1657,-74.9481,2020-07-29,412878,32653,72813.0,307412.0,5684546,89995.0,534.0,8.0,47.0,479.0,57397.0,0.0,495.0
108,US,New York,42.1657,-74.9481,2020-07-30,413593,32658,72900.0,308035.0,5746822,89995.0,715.0,5.0,87.0,623.0,62276.0,0.0,633.0
109,US,New York,42.1657,-74.9481,2020-07-31,414370,32683,72973.0,308714.0,5820368,89995.0,777.0,25.0,73.0,679.0,73546.0,0.0,729.0
110,US,New York,42.1657,-74.9481,2020-08-01,415014,32689,73055.0,309270.0,5889237,89995.0,644.0,6.0,82.0,556.0,68869.0,0.0,568.0
111,US,New York,42.1657,-74.9481,2020-08-02,415767,32694,73134.0,309939.0,5971974,89995.0,753.0,5.0,79.0,669.0,82737.0,0.0,679.0
112,US,New York,42.1657,-74.9481,2020-08-03,416298,32710,73222.0,310366.0,6030935,89995.0,531.0,16.0,88.0,427.0,58961.0,0.0,459.0
113,US,New York,42.1657,-74.9481,2020-08-04,416843,32719,73279.0,310845.0,6082774,89995.0,545.0,9.0,57.0,479.0,51839.0,0.0,497.0
114,US,New York,42.1657,-74.9481,2020-08-05,417589,32725,73326.0,311538.0,6153767,89995.0,746.0,6.0,47.0,693.0,70993.0,0.0,705.0
115,US,New York,42.1657,-74.9481,2020-08-06,418225,32754,73410.0,312061.0,6226435,89995.0,636.0,29.0,84.0,523.0,72668.0,0.0,581.0
116,US,New York,42.1657,-74.9481,2020-08-07,418928,32756,73472.0,312700.0,6298805,89995.0,703.0,2.0,62.0,639.0,72370.0,0.0,643.0
117,US,New York,42.1657,-74.9481,2020-08-08,419642,32760,73530.0,313352.0,6368975,89995.0,714.0,4.0,58.0,652.0,70170.0,0.0,660.0
118,US,New York,42.1657,-74.9481,2020-08-09,420345,32768,73609.0,313968.0,6443832,89995.0,703.0,8.0,79.0,616.0,74857.0,0.0,632.0
119,US,New York,42.1657,-74.9481,2020-08-10,420860,32774,73689.0,314397.0,6509644,89995.0,515.0,6.0,80.0,429.0,65812.0,0.0,441.0
120,US,New York,42.1657,-74.9481,2020-08-11,421336,32781,73736.0,314819.0,6563646,89995.0,476.0,7.0,47.0,422.0,54002.0,0.0,436.0
121,US,New York,42.1657,-74.9481,2020-08-12,422003,32787,73779.0,315437.0,6640705,89995.0,667.0,6.0,43.0,618.0,77059.0,0.0,630.0
122,US,New York,42.1657,-74.9481,2020-08-13,422703,32797,73842.0,316064.0,6728481,89995.0,700.0,10.0,63.0,627.0,87776.0,0.0,647.0
123,US,New York,42.1657,-74.9481,2020-08-14,423440,32805,73907.0,316728.0,6816381,89995.0,737.0,8.0,65.0,664.0,87900.0,0.0,680.0
124,US,New York,42.1657,-74.9481,2020-08-15,424167,32827,73997.0,317343.0,6901836,89995.0,727.0,22.0,90.0,615.0,85455.0,0.0,659.0
125,US,New York,42.1657,-74.9481,2020-08-16,424901,32833,74081.0,317987.0,6990504,89995.0,734.0,6.0,84.0,644.0,88668.0,0.0,656.0
126,US,New York,42.1657,-74.9481,2020-08-17,425508,32840,74154.0,318514.0,7068196,89995.0,607.0,7.0,73.0,527.0,77692.0,0.0,541.0
127,US,New York,42.1657,-74.9481,2020-08-18,425916,32846,74207.0,318863.0,7125087,89995.0,408.0,6.0,53.0,349.0,56891.0,0.0,361.0
128,US,New York,42.1657,-74.9481,2020-08-19,426571,32857,74258.0,319456.0,7191978,89995.0,655.0,11.0,51.0,593.0,66891.0,0.0,615.0
129,US,New York,42.1657,-74.9481,2020-08-20,427202,32865,74328.0,320009.0,7272403,89995.0,631.0,8.0,70.0,553.0,80425.0,0.0,569.0
130,US,New York,42.1657,-74.9481,2020-08-21,427803,32861,74406.0,320536.0,7353387,89995.0,601.0,,78.0,527.0,80984.0,0.0,
131,US,New York,42.1657,-74.9481,2020-08-22,428512,32864,74485.0,321163.0,7452267,89995.0,709.0,3.0,79.0,627.0,98880.0,0.0,633.0
132,US,New York,42.1657,-74.9481,2020-08-23,429165,32871,74553.0,321741.0,7547116,89995.0,653.0,7.0,68.0,578.0,94849.0,0.0,592.0
133,US,New York,42.1657,-74.9481,2020-08-24,429737,32883,74640.0,322214.0,7621159,89995.0,572.0,12.0,87.0,473.0,74043.0,0.0,497.0
134,US,New York,42.1657,-74.9481,2020-08-25,430145,32887,74684.0,322574.0,7683190,89995.0,408.0,4.0,44.0,360.0,62031.0,0.0,368.0
135,US,New York,42.1657,-74.9481,2020-08-26,430774,32918,74731.0,323125.0,7750445,89995.0,629.0,31.0,47.0,551.0,67255.0,0.0,613.0
136,US,New York,42.1657,-74.9481,2020-08-27,431340,32921,74791.0,323628.0,7821634,89995.0,566.0,3.0,60.0,503.0,71189.0,0.0,509.0
137,US,New York,42.1657,-74.9481,2020-08-28,432131,32926,74850.0,324355.0,7905071,89995.0,791.0,5.0,59.0,727.0,83437.0,0.0,737.0
138,US,New York,42.1657,-74.9481,2020-08-29,432767,32934,74923.0,324910.0,8002897,,636.0,8.0,73.0,555.0,97826.0,,571.0
139,US,New York,42.1657,-74.9481,2020-08-30,433402,32938,74990.0,325474.0,8096770,,635.0,4.0,67.0,564.0,93873.0,,572.0
140,US,New York,42.1657,-74.9481,2020-08-31,434100,32951,75062.0,326087.0,8196792,,698.0,13.0,72.0,613.0,100022.0,,639.0
141,US,New York,42.1657,-74.9481,2020-09-01,437154,32957,75100.0,326699.0,8263033,,3054.0,6.0,38.0,612.0,66241.0,,3022.0
142,US,New York,42.1657,-74.9481,2020-09-02,437757,32966,75142.0,327402.0,8340030,,603.0,9.0,42.0,703.0,76997.0,,570.0
143,US,New York,42.1657,-74.9481,2020-09-03,438405,32972,75203.0,328043.0,8428477,,648.0,6.0,61.0,641.0,88447.0,,593.0
144,US,New York,42.1657,-74.9481,2020-09-04,439322,32976,75255.0,328876.0,8517458,,917.0,4.0,52.0,833.0,88981.0,,869.0
145,US,New York,42.1657,-74.9481,2020-09-05,440192,32982,75307.0,329682.0,8610853,,870.0,6.0,52.0,806.0,93395.0,,824.0
146,US,New York,42.1657,-74.9481,2020-09-06,441012,32987,75366.0,330419.0,8710614,,820.0,5.0,59.0,737.0,99761.0,,766.0
147,US,New York,42.1657,-74.9481,2020-09-07,441748,32987,75425.0,331089.0,8796244,,736.0,0.0,59.0,670.0,85630.0,,677.0
148,US,New York,42.1657,-74.9481,2020-09-08,442315,33002,75471.0,331548.0,8855109,,567.0,15.0,46.0,459.0,58865.0,,536.0
149,US,New York,42.1657,-74.9481,2020-09-09,442817,33016,75503.0,332059.0,8912935,,502.0,14.0,32.0,511.0,57826.0,,484.0
150,US,New York,42.1657,-74.9481,2020-09-10,443409,33019,75539.0,332596.0,8976165,,592.0,3.0,36.0,537.0,63230.0,,559.0
151,US,New York,42.1657,-74.9481,2020-09-11,444071,33019,75584.0,333308.0,9052978,,662.0,0.0,45.0,712.0,76813.0,,617.0
152,US,New York,42.1657,-74.9481,2020-09-12,445102,33019,75649.0,334123.0,9142700,,1031.0,0.0,65.0,815.0,89722.0,,966.0
153,US,New York,42.1657,-74.9481,2020-09-13,446028,33023,75707.0,334910.0,9245625,,926.0,4.0,58.0,787.0,102925.0,,872.0
154,US,New York,42.1657,-74.9481,2020-09-14,446862,33023,75767.0,335575.0,9318293,,834.0,0.0,60.0,665.0,72668.0,,774.0
155,US,New York,42.1657,-74.9481,2020-09-15,447524,33030,75814.0,336104.0,9381651,,662.0,7.0,47.0,529.0,63358.0,,622.0
156,US,New York,42.1657,-74.9481,2020-09-16,448213,33038,75847.0,336829.0,9455329,,689.0,8.0,33.0,725.0,73678.0,,664.0
157,US,New York,42.1657,-74.9481,2020-09-17,448897,33042,75903.0,337421.0,9530416,,684.0,4.0,56.0,592.0,75087.0,,632.0
158,US,New York,42.1657,-74.9481,2020-09-18,449922,33070,75962.0,338230.0,9621920,,1025.0,28.0,59.0,809.0,91504.0,,994.0
159,US,New York,42.1657,-74.9481,2020-09-19,450753,33085,76036.0,338931.0,9711647,,831.0,15.0,74.0,701.0,89727.0,,772.0
160,US,New York,42.1657,-74.9481,2020-09-20,451655,33081,76101.0,339856.0,9822091,,902.0,,65.0,925.0,110444.0,,
161,US,New York,42.1657,-74.9481,2020-09-21,452507,33087,76179.0,340634.0,9922446,,852.0,6.0,78.0,778.0,100355.0,,780.0
162,US,New York,42.1657,-74.9481,2020-09-22,453142,33159,76218.0,341163.0,9980765,,635.0,72.0,39.0,529.0,58319.0,,668.0
163,US,New York,42.1657,-74.9481,2020-09-23,453730,33263,76246.0,341891.0,10064762,,588.0,104.0,28.0,728.0,83997.0,,664.0
164,US,New York,42.1657,-74.9481,2020-09-24,454299,33264,76306.0,342496.0,10135692,,569.0,1.0,60.0,605.0,70930.0,,510.0
165,US,New York,42.1657,-74.9481,2020-09-25,455400,33269,76382.0,343370.0,10228645,,1101.0,5.0,76.0,874.0,92953.0,,1030.0
166,US,New York,42.1657,-74.9481,2020-09-26,456400,33283,76456.0,344177.0,10323463,,1000.0,14.0,74.0,807.0,94818.0,,940.0
167,US,New York,42.1657,-74.9481,2020-09-27,457573,33286,76528.0,345107.0,10423416,,1173.0,3.0,72.0,930.0,99953.0,,1104.0
168,US,New York,42.1657,-74.9481,2020-09-28,458605,33293,76595.0,345900.0,10508186,,1032.0,7.0,67.0,793.0,84770.0,,972.0
169,US,New York,42.1657,-74.9481,2020-09-29,459574,33302,76649.0,346671.0,10561122,,969.0,9.0,54.0,771.0,52936.0,,924.0
170,US,New York,42.1657,-74.9481,2020-09-30,460553,33310,76649.0,347856.0,10649353,,979.0,8.0,0.0,1185.0,88231.0,,987.0
171,US,New York,42.1657,-74.9481,2020-10-01,461537,33324,76754.0,348742.0,10747313,,984.0,14.0,105.0,886.0,97960.0,,893.0
172,US,New York,42.1657,-74.9481,2020-10-02,462861,33332,76834.0,350038.0,10856531,,1324.0,8.0,80.0,1296.0,109218.0,,1252.0
173,US,New York,42.1657,-74.9481,2020-10-03,464620,33372,76834.0,351596.0,10976024,,1759.0,40.0,0.0,1558.0,119493.0,,1799.0
174,US,New York,42.1657,-74.9481,2020-10-04,466307,33375,77004.0,353159.0,11110291,,1687.0,3.0,170.0,1563.0,134267.0,,1520.0
175,US,New York,42.1657,-74.9481,2020-10-05,467693,33389,77090.0,354287.0,11220620,,1386.0,14.0,86.0,1128.0,110329.0,,1314.0
176,US,New York,42.1657,-74.9481,2020-10-06,468840,33402,77141.0,355160.0,11297024,,1147.0,13.0,51.0,873.0,76404.0,,1109.0
177,US,New York,42.1657,-74.9481,2020-10-07,469989,33409,77192.0,356497.0,11393383,,1149.0,7.0,51.0,1337.0,96359.0,,1105.0
178,US,New York,42.1657,-74.9481,2020-10-08,471207,33421,77267.0,357775.0,11501629,,1218.0,12.0,75.0,1278.0,108246.0,,1155.0
179,US,New York,42.1657,-74.9481,2020-10-09,473285,33429,77351.0,359526.0,11647440,,2078.0,8.0,84.0,1751.0,145811.0,,2002.0
180,US,New York,42.1657,-74.9481,2020-10-10,474894,33461,77432.0,360974.0,11786740,,1609.0,32.0,81.0,1448.0,139300.0,,1560.0
181,US,New York,42.1657,-74.9481,2020-10-11,476397,33466,77514.0,362336.0,11921319,,1503.0,5.0,82.0,1362.0,134579.0,,1426.0
182,US,New York,42.1657,-74.9481,2020-10-12,477671,33469,77631.0,363361.0,12039573,,1274.0,3.0,117.0,1025.0,118254.0,,1160.0
183,US,New York,42.1657,-74.9481,2020-10-13,478925,33482,77631.0,364383.0,12131366,,1254.0,13.0,0.0,1022.0,91793.0,,1267.0
184,US,New York,42.1657,-74.9481,2020-10-14,480129,33490,77755.0,365647.0,12230436,,1204.0,8.0,124.0,1264.0,99070.0,,1088.0
185,US,New York,42.1657,-74.9481,2020-10-15,481227,33500,77870.0,366754.0,12342180,,1098.0,10.0,115.0,1107.0,111744.0,,993.0
186,US,New York,42.1657,-74.9481,2020-10-16,482765,33524,78006.0,368057.0,12475392,,1538.0,24.0,136.0,1303.0,133212.0,,1426.0
187,US,New York,42.1657,-74.9481,2020-10-17,484512,33533,78117.0,369653.0,12611431,,1747.0,9.0,111.0,1596.0,136039.0,,1645.0
188,US,New York,42.1657,-74.9481,2020-10-18,486207,33547,78235.0,371309.0,12771403,,1695.0,14.0,118.0,1656.0,159972.0,,1591.0
189,US,New York,42.1657,-74.9481,2020-10-19,487719,33559,78362.0,372562.0,12900166,,1512.0,12.0,127.0,1253.0,128763.0,,1397.0
190,US,New York,42.1657,-74.9481,2020-10-20,488928,33575,78442.0,373471.0,12982175,,1209.0,16.0,80.0,909.0,82009.0,,1145.0
191,US,New York,42.1657,-74.9481,2020-10-21,490166,33582,78530.0,374584.0,13072715,,1238.0,7.0,88.0,1113.0,90540.0,,1157.0
192,US,New York,42.1657,-74.9481,2020-10-22,491882,33589,78645.0,376490.0,13197504,,1716.0,7.0,115.0,1906.0,124789.0,,1608.0
193,US,New York,42.1657,-74.9481,2020-10-23,493774,33614,78753.0,377985.0,13332845,,1892.0,25.0,108.0,1495.0,135341.0,,1809.0
194,US,New York,42.1657,-74.9481,2020-10-24,495608,33625,78854.0,379499.0,13474353,,1834.0,11.0,101.0,1514.0,141508.0,,1744.0
195,US,New York,42.1657,-74.9481,2020-10-25,497732,33634,78960.0,381454.0,13631293,,2124.0,9.0,106.0,1955.0,156940.0,,2027.0
196,US,New York,42.1657,-74.9481,2020-10-26,499652,33642,79092.0,382950.0,13752123,,1920.0,8.0,132.0,1496.0,120830.0,,1796.0
197,US,New York,42.1657,-74.9481,2020-10-27,501197,33650,79162.0,384069.0,13834240,,1545.0,8.0,70.0,1119.0,82117.0,,1483.0
198,US,New York,42.1657,-74.9481,2020-10-28,502978,33666,79230.0,385983.0,13945858,,1781.0,16.0,68.0,1914.0,111618.0,,1729.0
199,US,New York,42.1657,-74.9481,2020-10-29,504689,33675,79366.0,387876.0,14075518,,1711.0,9.0,136.0,1893.0,129660.0,,1584.0
200,US,New York,42.1657,-74.9481,2020-10-30,507040,33694,79501.0,390231.0,14243871,,2351.0,19.0,135.0,2355.0,168353.0,,2235.0
201,US,New York,42.1657,-74.9481,2020-10-31,509368,33724,79621.0,392304.0,14390756,,2328.0,30.0,120.0,2073.0,146885.0,,2238.0
202,US,New York,42.1657,-74.9481,2020-11-01,511761,33730,79717.0,394315.0,14527718,,2393.0,6.0,96.0,2011.0,136962.0,,2303.0
203,US,New York,42.1657,-74.9481,2020-11-02,513883,33752,79831.0,396369.0,14676653,,2122.0,22.0,114.0,2054.0,148935.0,,2030.0
204,US,New York,42.1657,-74.9481,2020-11-03,515753,33763,79831.0,397998.0,14772754,,1870.0,11.0,0.0,1629.0,96101.0,,1881.0
205,US,New York,42.1657,-74.9481,2020-11-04,517822,33773,79990.0,400156.0,14900623,,2069.0,10.0,159.0,2158.0,127869.0,,1920.0
206,US,New York,42.1657,-74.9481,2020-11-05,519890,33793,80109.0,402150.0,15034157,,2068.0,20.0,119.0,1994.0,133534.0,,1969.0
207,US,New York,42.1657,-74.9481,2020-11-06,523107,33857,80225.0,404930.0,15195176,,3217.0,64.0,116.0,2780.0,161019.0,,3165.0
208,US,New York,42.1657,-74.9481,2020-11-07,526318,33872,80368.0,407989.0,15355881,,3211.0,15.0,143.0,3059.0,160705.0,,3083.0
209,US,New York,42.1657,-74.9481,2020-11-08,530218,33884,80494.0,411434.0,15519172,,3900.0,12.0,126.0,3445.0,163291.0,,3786.0
210,US,New York,42.1657,-74.9481,2020-11-09,533797,33903,80646.0,414696.0,15664814,,3579.0,19.0,152.0,3262.0,145642.0,,3446.0
211,US,New York,42.1657,-74.9481,2020-11-10,537243,33923,80764.0,417493.0,15776230,,3446.0,20.0,118.0,2797.0,111416.0,,3348.0
212,US,New York,42.1657,-74.9481,2020-11-11,541200,33939,80854.0,421352.0,15904266,,3957.0,16.0,90.0,3859.0,128036.0,,3883.0
213,US,New York,42.1657,-74.9481,2020-11-12,545453,33961,81020.0,425984.0,16068566,,4253.0,22.0,166.0,4632.0,164300.0,,4109.0
214,US,New York,42.1657,-74.9481,2020-11-13,550678,33975,81198.0,430589.0,16231193,,5225.0,14.0,178.0,4605.0,162627.0,,5061.0
215,US,New York,42.1657,-74.9481,2020-11-14,556344,33993,81390.0,435780.0,16434914,,5666.0,18.0,192.0,5191.0,203721.0,,5492.0
216,US,New York,42.1657,-74.9481,2020-11-15,561921,34010,81585.0,440956.0,16619076,,5577.0,17.0,195.0,5176.0,184162.0,,5399.0
217,US,New York,42.1657,-74.9481,2020-11-16,566113,34032,81788.0,444380.0,16752278,,4192.0,22.0,203.0,3424.0,133202.0,,4011.0
218,US,New York,42.1657,-74.9481,2020-11-17,570323,34054,81908.0,447728.0,16876843,,4210.0,22.0,120.0,3348.0,124565.0,,4112.0
219,US,New York,42.1657,-74.9481,2020-11-18,574935,34156,82022.0,452600.0,17036695,,4612.0,102.0,114.0,4872.0,159852.0,,4600.0
220,US,New York,42.1657,-74.9481,2020-11-19,579811,34187,82022.0,457863.0,17191129,,4876.0,31.0,0.0,5263.0,154434.0,,4907.0
221,US,New York,42.1657,-74.9481,2020-11-20,585635,34215,82507.0,462660.0,17386368,,5824.0,28.0,485.0,4797.0,195239.0,,5367.0
222,US,New York,42.1657,-74.9481,2020-11-21,591368,34252,82766.0,467832.0,17591834,,5733.0,37.0,259.0,5172.0,205466.0,,5511.0
223,US,New York,42.1657,-74.9481,2020-11-22,597680,34296,83031.0,473496.0,17799741,,6312.0,44.0,265.0,5664.0,207907.0,,6091.0
224,US,New York,42.1657,-74.9481,2020-11-23,603360,34319,83307.0,478588.0,17996351,,5680.0,23.0,276.0,5092.0,196610.0,,5427.0
225,US,New York,42.1657,-74.9481,2020-11-24,609797,34345,83307.0,484474.0,18187840,,6437.0,26.0,0.0,5886.0,191489.0,,6463.0
226,US,New York,42.1657,-74.9481,2020-11-25,614679,34368,83701.0,488938.0,18352601,,4882.0,23.0,394.0,4464.0,164761.0,,4511.0
227,US,New York,42.1657,-74.9481,2020-11-26,620712,34396,84001.0,494877.0,18525686,,6033.0,28.0,300.0,5939.0,173085.0,,5761.0
228,US,New York,42.1657,-74.9481,2020-11-27,628024,34451,84339.0,501417.0,18743407,,7312.0,55.0,338.0,6540.0,217721.0,,7029.0
229,US,New York,42.1657,-74.9481,2020-11-28,636302,34489,84723.0,509175.0,18962849,,8278.0,38.0,384.0,7758.0,219442.0,,7932.0
230,US,New York,42.1657,-74.9481,2020-11-29,643163,34526,84938.0,514986.0,19115204,,6861.0,37.0,215.0,5811.0,152355.0,,6683.0
231,US,New York,42.1657,-74.9481,2020-11-30,648641,34573,85287.0,521313.0,19272524,,5478.0,47.0,349.0,6327.0,157320.0,,5176.0
232,US,New York,42.1657,-74.9481,2020-12-01,656413,34625,85556.0,527819.0,19421498,,7772.0,52.0,269.0,6506.0,148974.0,,7555.0
233,US,New York,42.1657,-74.9481,2020-12-02,663500,34686,85808.0,534795.0,19568173,,7087.0,61.0,252.0,6976.0,146675.0,,6896.0
234,US,New York,42.1657,-74.9481,2020-12-03,671635,34745,86201.0,543319.0,19761724,,8135.0,59.0,393.0,8524.0,193551.0,,7801.0
235,US,New York,42.1657,-74.9481,2020-12-04,681783,34812,86201.0,553117.0,19965164,,10148.0,67.0,0.0,9798.0,203440.0,,10215.0
236,US,New York,42.1657,-74.9481,2020-12-05,693629,34869,86638.0,563896.0,20173461,,11846.0,57.0,437.0,10779.0,208297.0,,11466.0
237,US,New York,42.1657,-74.9481,2020-12-06,704683,34939,87473.0,573752.0,20388862,,11054.0,70.0,835.0,9856.0,215401.0,,10289.0
238,US,New York,42.1657,-74.9481,2020-12-07,714834,34997,87949.0,582920.0,20594694,,10151.0,58.0,476.0,9168.0,205832.0,,9733.0
239,US,New York,42.1657,-74.9481,2020-12-08,723287,35080,87949.0,590146.0,20746981,,8453.0,83.0,0.0,7226.0,152287.0,,8536.0
240,US,New York,42.1657,-74.9481,2020-12-09,731722,35170,88584.0,598762.0,20909445,,8435.0,90.0,635.0,8616.0,162464.0,,7890.0
241,US,New York,42.1657,-74.9481,2020-12-10,740980,35236,89089.0,608792.0,21104040,,9258.0,66.0,505.0,10030.0,194595.0,,8819.0
242,US,New York,42.1657,-74.9481,2020-12-11,752104,35323,89600.0,618376.0,21301446,,11124.0,87.0,511.0,9584.0,197406.0,,10700.0
243,US,New York,42.1657,-74.9481,2020-12-12,763228,35420,90152.0,628328.0,21514118,,11124.0,97.0,552.0,9952.0,212672.0,,10669.0
244,US,New York,42.1657,-74.9481,2020-12-13,774228,35504,90747.0,638778.0,21757045,,11000.0,84.0,595.0,10450.0,242927.0,,10489.0
245,US,New York,42.1657,-74.9481,2020-12-14,784815,35620,91366.0,648237.0,21962295,,10587.0,116.0,619.0,9459.0,205250.0,,10084.0
246,US,New York,42.1657,-74.9481,2020-12-15,794953,35702,91366.0,657411.0,22122139,,10138.0,82.0,0.0,9174.0,159844.0,,10220.0
247,US,New York,42.1657,-74.9481,2020-12-16,803917,35831,92136.0,666590.0,22316327,,8964.0,129.0,770.0,9179.0,194188.0,,8323.0
248,US,New York,42.1657,-74.9481,2020-12-17,813336,35941,92735.0,675893.0,22477274,,9419.0,110.0,599.0,9303.0,160947.0,,8930.0
249,US,New York,42.1657,-74.9481,2020-12-18,825059,36067,93418.0,685999.0,22680046,,11723.0,126.0,683.0,10106.0,202772.0,,11166.0
250,US,New York,42.1657,-74.9481,2020-12-19,837711,36199,94057.0,697932.0,22929431,,12652.0,132.0,639.0,11933.0,249385.0,,12145.0
251,US,New York,42.1657,-74.9481,2020-12-20,847778,36318,94579.0,707188.0,23120907,,10067.0,119.0,522.0,9256.0,191476.0,,9664.0
252,US,New York,42.1657,-74.9481,2020-12-21,857083,36431,94579.0,717032.0,23318158,,9305.0,113.0,0.0,9844.0,197251.0,,9418.0
253,US,New York,42.1657,-74.9481,2020-12-22,866888,36568,95779.0,724702.0,23474668,,9805.0,137.0,1200.0,7670.0,156510.0,,8742.0
254,US,New York,42.1657,-74.9481,2020-12-23,876281,36724,96185.0,733856.0,23639536,,9393.0,156.0,406.0,9154.0,164868.0,,9143.0
255,US,New York,42.1657,-74.9481,2020-12-24,886813,36876,96857.0,744969.0,23843897,,10532.0,152.0,672.0,11113.0,204361.0,,10012.0
256,US,New York,42.1657,-74.9481,2020-12-25,899837,37028,97600.0,756642.0,24070193,,13024.0,152.0,743.0,11673.0,226296.0,,12433.0
257,US,New York,42.1657,-74.9481,2020-12-26,912885,37158,98350.0,768208.0,24296753,,13048.0,130.0,750.0,11566.0,226560.0,,12428.0
258,US,New York,42.1657,-74.9481,2020-12-27,924014,37286,99156.0,778080.0,24498195,,11129.0,128.0,806.0,9872.0,201442.0,,10451.0
259,US,New York,42.1657,-74.9481,2020-12-28,932022,37411,99583.0,785151.0,24628494,,8008.0,125.0,427.0,7071.0,130299.0,,7706.0
260,US,New York,42.1657,-74.9481,2020-12-29,940290,37548,100008.0,794996.0,24753360,,8268.0,137.0,425.0,9845.0,124866.0,,7980.0
261,US,New York,42.1657,-74.9481,2020-12-30,950473,37687,100442.0,812344.0,24913524,,10183.0,139.0,434.0,17348.0,160164.0,,9888.0
262,US,New York,42.1657,-74.9481,2020-12-31,963390,37840,101295.0,824255.0,25068473,,12917.0,153.0,853.0,11911.0,154949.0,,12217.0
263,US,New York,42.1657,-74.9481,2021-01-01,978783,37983,102129.0,838671.0,25285060,,15393.0,143.0,834.0,14416.0,216587.0,,14702.0
264,US,New York,42.1657,-74.9481,2021-01-02,995816,38155,102968.0,854693.0,25504313,,17033.0,172.0,839.0,16022.0,219253.0,,16366.0
265,US,New York,42.1657,-74.9481,2021-01-03,1011665,38273,103828.0,869564.0,25706759,,15849.0,118.0,860.0,14871.0,202446.0,,15107.0
266,US,New York,42.1657,-74.9481,2021-01-04,1023897,38415,104402.0,881080.0,25849104,,12232.0,142.0,574.0,11516.0,142345.0,,11800.0
267,US,New York,42.1657,-74.9481,2021-01-05,1035139,38599,104939.0,891601.0,25983464,,11242.0,184.0,537.0,10521.0,134360.0,,10889.0
268,US,New York,42.1657,-74.9481,2021-01-06,1048281,38743,105379.0,904159.0,26135866,,13142.0,144.0,440.0,12558.0,152402.0,,12846.0
269,US,New York,42.1657,-74.9481,2021-01-07,1064297,38912,105379.0,920006.0,26333682,,16016.0,169.0,0.0,15847.0,197816.0,,16185.0
270,US,New York,42.1657,-74.9481,2021-01-08,1081885,39118,107243.0,935524.0,26572232,,17588.0,206.0,1864.0,15518.0,238550.0,,15930.0
271,US,New York,42.1657,-74.9481,2021-01-09,1101445,39282,108144.0,954019.0,26816135,,19560.0,164.0,901.0,18495.0,243903.0,,18823.0
272,US,New York,42.1657,-74.9481,2021-01-10,1119284,39471,109035.0,970778.0,27074166,,17839.0,189.0,891.0,16759.0,258031.0,,17137.0
273,US,New York,42.1657,-74.9481,2021-01-11,1135592,39632,109982.0,985978.0,27321002,,16308.0,161.0,947.0,15200.0,246836.0,,15522.0
274,US,New York,42.1657,-74.9481,2021-01-12,1149771,39834,110600.0,999337.0,27524906,,14179.0,202.0,618.0,13359.0,203904.0,,13763.0
275,US,New York,42.1657,-74.9481,2021-01-13,1164562,40020,111141.0,1013401.0,27721577,,14791.0,186.0,541.0,14064.0,196671.0,,14436.0
276,US,New York,42.1657,-74.9481,2021-01-14,1179266,40192,112023.0,1027051.0,27918445,,14704.0,172.0,882.0,13650.0,196868.0,,13994.0
277,US,New York,42.1657,-74.9481,2021-01-15,1193453,40435,112979.0,1040039.0,28131034,,14187.0,243.0,956.0,12988.0,212589.0,,13474.0
278,US,New York,42.1657,-74.9481,2021-01-16,1212922,40637,113919.0,1058366.0,28455705,,19469.0,202.0,940.0,18327.0,324671.0,,18731.0
279,US,New York,42.1657,-74.9481,2021-01-17,1228867,40806,114868.0,1073193.0,28732991,,15945.0,169.0,949.0,14827.0,277286.0,,15165.0
280,US,New York,42.1657,-74.9481,2021-01-18,1242561,40993,115901.0,1085667.0,28979498,,13694.0,187.0,1033.0,12474.0,246507.0,,12848.0
281,US,New York,42.1657,-74.9481,2021-01-19,1255971,41173,116502.0,1098296.0,29165703,,13410.0,180.0,601.0,12629.0,186205.0,,12989.0
282,US,New York,42.1657,-74.9481,2021-01-20,1268692,41368,117052.0,1110272.0,29342972,,12721.0,195.0,550.0,11976.0,177269.0,,12366.0
283,US,New York,42.1657,-74.9481,2021-01-21,1279811,41587,117882.0,1120342.0,29538381,,11119.0,219.0,830.0,10070.0,195409.0,,10508.0
284,US,New York,42.1657,-74.9481,2021-01-22,1293719,41787,118889.0,1133043.0,29762950,,13908.0,200.0,1007.0,12701.0,224569.0,,13101.0
285,US,New York,42.1657,-74.9481,2021-01-23,1309403,41974,119953.0,1147476.0,30030951,,15684.0,187.0,1064.0,14433.0,268001.0,,14807.0
286,US,New York,42.1657,-74.9481,2021-01-24,1323312,42134,120901.0,1160277.0,30293057,,13909.0,160.0,948.0,12801.0,262106.0,,13121.0
287,US,New York,42.1657,-74.9481,2021-01-25,1335695,42325,121923.0,1171447.0,30543012,,12383.0,191.0,1022.0,11170.0,249955.0,,11552.0
288,US,New York,42.1657,-74.9481,2021-01-26,1347667,42544,122544.0,1182579.0,30762550,,11972.0,219.0,621.0,11132.0,219538.0,,11570.0
289,US,New York,42.1657,-74.9481,2021-01-27,1358707,42726,123094.0,1192887.0,30925488,,11040.0,182.0,550.0,10308.0,162938.0,,10672.0
290,US,New York,42.1657,-74.9481,2021-01-28,1369072,42887,124003.0,1202182.0,31128149,,10365.0,161.0,909.0,9295.0,202661.0,,9617.0
291,US,New York,42.1657,-74.9481,2021-01-29,1382855,43093,124976.0,1214786.0,31378817,,13783.0,206.0,973.0,12604.0,250668.0,,13016.0
292,US,New York,42.1657,-74.9481,2021-01-30,1395806,43278,125909.0,1226619.0,31649335,,12951.0,185.0,933.0,11833.0,270518.0,,12203.0
293,US,New York,42.1657,-74.9481,2021-01-31,1408698,43453,126842.0,1238403.0,31918685,,12892.0,175.0,933.0,11784.0,269350.0,,12134.0
294,US,New York,42.1657,-74.9481,2021-02-01,1419907,43634,127798.0,1248475.0,32161751,,11209.0,181.0,956.0,10072.0,243066.0,,10434.0
295,US,New York,42.1657,-74.9481,2021-02-02,1428839,43805,128354.0,1256680.0,32336789,,8932.0,171.0,556.0,8205.0,175038.0,,8547.0
296,US,New York,42.1657,-74.9481,2021-02-03,1436788,43982,128889.0,1263917.0,32486988,,7949.0,177.0,535.0,7237.0,150199.0,,7591.0
297,US,New York,42.1657,-74.9481,2021-02-04,1443942,44148,129378.0,1270416.0,32613477,,7154.0,166.0,489.0,6499.0,126489.0,,6831.0
298,US,New York,42.1657,-74.9481,2021-02-05,1450912,44298,130302.0,1276312.0,32782663,,6970.0,150.0,924.0,5896.0,169186.0,,6196.0
299,US,New York,42.1657,-74.9481,2021-02-06,1458809,44466,131165.0,1283178.0,32986290,,7897.0,168.0,863.0,6866.0,203627.0,,7202.0
300,US,New York,42.1657,-74.9481,2021-02-07,1470301,44664,132012.0,1293625.0,33247575,,11492.0,198.0,847.0,10447.0,261285.0,,10843.0
301,US,New York,42.1657,-74.9481,2021-02-08,1480224,44839,132905.0,1302480.0,33498467,,9923.0,175.0,893.0,8855.0,250892.0,,9205.0
302,US,New York,42.1657,-74.9481,2021-02-09,1489196,44969,133470.0,1310757.0,33695650,,8972.0,130.0,565.0,8277.0,197183.0,,8537.0
303,US,New York,42.1657,-74.9481,2021-02-10,1497475,45140,133869.0,1318466.0,33849298,,8279.0,171.0,399.0,7709.0,153648.0,,8051.0
304,US,New York,42.1657,-74.9481,2021-02-11,1504059,45312,134742.0,1324005.0,34026048,,6584.0,172.0,873.0,5539.0,176750.0,,5883.0
305,US,New York,42.1657,-74.9481,2021-02-12,1514070,45453,135657.0,1332960.0,34311547,,10011.0,141.0,915.0,8955.0,285499.0,,9237.0
306,US,New York,42.1657,-74.9481,2021-02-13,1522785,45597,136491.0,1340697.0,34548681,,8715.0,144.0,834.0,7737.0,237134.0,,8025.0
307,US,New York,42.1657,-74.9481,2021-02-14,1531540,45751,137276.0,1348513.0,34802244,,8755.0,154.0,785.0,7816.0,253563.0,,8124.0
308,US,New York,42.1657,-74.9481,2021-02-15,1539870,45884,138050.0,1355936.0,35036952,,8330.0,133.0,774.0,7423.0,234708.0,,7689.0
309,US,New York,42.1657,-74.9481,2021-02-16,1546408,46000,138542.0,1361866.0,35217456,,6538.0,116.0,492.0,5930.0,180504.0,,6162.0
310,US,New York,42.1657,-74.9481,2021-02-17,1553117,46141,138975.0,1368001.0,35353848,,6709.0,141.0,433.0,6135.0,136392.0,,6417.0
311,US,New York,42.1657,-74.9481,2021-02-18,1559042,46267,139544.0,1373231.0,35523811,,5925.0,126.0,569.0,5230.0,169963.0,,5482.0
312,US,New York,42.1657,-74.9481,2021-02-19,1568624,46436,140215.0,1381973.0,35739542,,9582.0,169.0,671.0,8742.0,215731.0,,9080.0
313,US,New York,42.1657,-74.9481,2021-02-20,1577197,46593,140968.0,1389636.0,35988790,,8573.0,157.0,753.0,7663.0,249248.0,,7977.0
314,US,New York,42.1657,-74.9481,2021-02-21,1585435,46703,141592.0,1397140.0,36240435,,8238.0,110.0,624.0,7504.0,251645.0,,7724.0
315,US,New York,42.1657,-74.9481,2021-02-22,1591672,46812,142307.0,1402553.0,36461592,,6237.0,109.0,715.0,5413.0,221157.0,,5631.0
316,US,New York,42.1657,-74.9481,2021-02-23,1597969,46924,142724.0,1408321.0,36603611,,6297.0,112.0,417.0,5768.0,142019.0,,5992.0
317,US,New York,42.1657,-74.9481,2021-02-24,1604892,47037,,1557855.0,36760944,,6923.0,113.0,,149534.0,157333.0,,
318,US,New York,42.1657,-74.9481,2021-02-25,1611031,47156,,1563875.0,36977757,,6139.0,119.0,,6020.0,216813.0,,
319,US,New York,42.1657,-74.9481,2021-02-26,1619924,47264,,1572660.0,37256699,,8893.0,108.0,,8785.0,278942.0,,
320,US,New York,42.1657,-74.9481,2021-02-27,1627998,47389,,1580609.0,37547888,,8074.0,125.0,,7949.0,291189.0,,
321,US,New York,42.1657,-74.9481,2021-02-28,1636040,47498,,1588542.0,37833195,,8042.0,109.0,,7933.0,285307.0,,
322,US,New York,42.1657,-74.9481,2021-03-01,1643867,47615,,1596252.0,38106915,,7827.0,117.0,,7710.0,273720.0,,
323,US,New York,42.1657,-74.9481,2021-03-02,1650303,47719,,1602584.0,38281073,,6436.0,104.0,,6332.0,174158.0,,
324,US,New York,42.1657,-74.9481,2021-03-03,1656684,47818,,1608866.0,38409107,,6381.0,99.0,,6282.0,128034.0,,
325,US,New York,42.1657,-74.9481,2021-03-04,1663248,47935,,1615313.0,38627176,,6564.0,117.0,,6447.0,218069.0,,
326,US,New York,42.1657,-74.9481,2021-03-05,1670716,48049,,1622667.0,38897265,,7468.0,114.0,,7354.0,270089.0,,
327,US,New York,42.1657,-74.9481,2021-03-06,1678867,48153,,1630714.0,39194200,,8151.0,104.0,,8047.0,296935.0,,
328,US,New York,42.1657,-74.9481,2021-03-07,1686993,48247,,1638746.0,39194200,,8126.0,94.0,,8032.0,0.0,,
329,US,New York,42.1657,-74.9481,2021-03-08,1694651,48335,,,39695100,,7658.0,88.0,,,500900.0,,
330,US,New York,42.1657,-74.9481,2021-03-09,1700091,48401,,,39695100,,5440.0,66.0,,,0.0,,
331,US,New York,42.1657,-74.9481,2021-03-10,1706924,48481,,,39841556,,6833.0,80.0,,,146456.0,,
332,US,New York,42.1657,-74.9481,2021-03-11,1713030,48573,,,40016070,,6106.0,92.0,,,174514.0,,
333,US,New York,42.1657,-74.9481,2021-03-12,1720199,48690,,,40221686,,7169.0,117.0,,,205616.0,,
334,US,New York,42.1657,-74.9481,2021-03-13,1724425,48757,,,40464839,,4226.0,67.0,,,243153.0,,
335,US,New York,42.1657,-74.9481,2021-03-14,1734676,48850,,,40764117,,10251.0,93.0,,,299278.0,,
336,US,New York,42.1657,-74.9481,2021-03-15,1741363,48953,,,40989910,,6687.0,103.0,,,225793.0,,
337,US,New York,42.1657,-74.9481,2021-03-16,1748482,49016,,,41196590,,7119.0,63.0,,,206680.0,,
338,US,New York,42.1657,-74.9481,2021-03-17,1755193,49110,,,41323595,,6711.0,94.0,,,127005.0,,
339,US,New York,42.1657,-74.9481,2021-03-18,1761775,49171,,,41480691,,6582.0,61.0,,,157096.0,,
340,US,New York,42.1657,-74.9481,2021-03-19,1767290,49262,,,41744092,,5515.0,91.0,,,263401.0,,
341,US,New York,42.1657,-74.9481,2021-03-20,1772367,49335,,,42015555,,5077.0,73.0,,,271463.0,,
342,US,New York,42.1657,-74.9481,2021-03-21,1779034,49401,,,42294145,,6667.0,66.0,,,278590.0,,
343,US,New York,42.1657,-74.9481,2021-03-22,1782769,49426,,,42552274,,3735.0,25.0,,,258129.0,,
344,US,New York,42.1657,-74.9481,2021-03-23,1785565,49444,,,42798540,,2796.0,18.0,,,246266.0,,
345,US,New York,42.1657,-74.9481,2021-03-24,1788874,49462,,,42950868,,3309.0,18.0,,,152328.0,,
346,US,New York,42.1657,-74.9481,2021-03-25,1816518,49717,,,43094389,,27644.0,255.0,,,143521.0,,
347,US,New York,42.1657,-74.9481,2021-03-26,1825069,49790,,,43301885,,8551.0,73.0,,,207496.0,,
348,US,New York,42.1657,-74.9481,2021-03-27,1833128,49848,,,43570161,,8059.0,58.0,,,268276.0,,
349,US,New York,42.1657,-74.9481,2021-03-28,1841822,49928,,,43852610,,8694.0,80.0,,,282449.0,,
350,US,New York,42.1657,-74.9481,2021-03-29,1850732,50017,,,44112555,,8910.0,89.0,,,259945.0,,
351,US,New York,42.1657,-74.9481,2021-03-30,1859474,50158,,,44379816,,8742.0,141.0,,,267261.0,,
352,US,New York,42.1657,-74.9481,2021-03-31,1865349,50212,,,44564346,,5875.0,54.0,,,184530.0,,
353,US,New York,42.1657,-74.9481,2021-04-01,1873138,50299,,,44715783,,7789.0,87.0,,,151437.0,,
354,US,New York,42.1657,-74.9481,2021-04-02,1882308,50375,,,44936152,,9170.0,76.0,,,220369.0,,
355,US,New York,42.1657,-74.9481,2021-04-03,1890346,50458,,,45175804,,8038.0,83.0,,,239652.0,,
356,US,New York,42.1657,-74.9481,2021-04-04,1898101,50551,,,45433450,,7755.0,93.0,,,257646.0,,
357,US,New York,42.1657,-74.9481,2021-04-05,1905737,50633,,,45684660,,7636.0,82.0,,,251210.0,,
358,US,New York,42.1657,-74.9481,2021-04-06,1912396,50706,,,45910071,,6659.0,73.0,,,225411.0,,
359,US,New York,42.1657,-74.9481,2021-04-07,1918437,50751,,,46060296,,6041.0,45.0,,,150225.0,,
360,US,New York,42.1657,-74.9481,2021-04-08,1925080,50843,,,46193160,,6643.0,92.0,,,132864.0,,
361,US,New York,42.1657,-74.9481,2021-04-09,1933807,50898,,,46414834,,8727.0,55.0,,,221674.0,,
362,US,New York,42.1657,-74.9481,2021-04-10,1942469,50977,,,46678571,,8662.0,79.0,,,263737.0,,
363,US,New York,42.1657,-74.9481,2021-04-11,1949964,51036,,,46983527,,7495.0,59.0,,,304956.0,,
364,US,New York,42.1657,-74.9481,2021-04-12,1956594,51117,,,47244227,,6630.0,81.0,,,260700.0,,
365,US,New York,42.1657,-74.9481,2021-04-13,1962225,51204,,,47470275,,5631.0,87.0,,,226048.0,,
366,US,New York,42.1657,-74.9481,2021-04-14,1967248,51258,,,47601711,,5023.0,54.0,,,131436.0,,
367,US,New York,42.1657,-74.9481,2021-04-15,1973308,51350,,,47730623,,6060.0,92.0,,,128912.0,,
368,US,New York,42.1657,-74.9481,2021-04-16,1980337,51418,,,47938786,,7029.0,68.0,,,208163.0,,
369,US,New York,42.1657,-74.9481,2021-04-17,1986681,51470,,,48187889,,6344.0,52.0,,,249103.0,,
370,US,New York,42.1657,-74.9481,2021-04-18,1993271,51537,,,48420818,,6590.0,67.0,,,232929.0,,
371,US,New York,42.1657,-74.9481,2021-04-19,1998912,51579,,,48717058,,5641.0,42.0,,,296240.0,,
372,US,New York,42.1657,-74.9481,2021-04-20,2003938,51627,,,48960229,,5026.0,48.0,,,243171.0,,
373,US,New York,42.1657,-74.9481,2021-04-21,2008514,51689,,,49107812,,4576.0,62.0,,,147583.0,,
374,US,New York,42.1657,-74.9481,2021-04-22,2012806,51732,,,49224295,,4292.0,43.0,,,116483.0,,
375,US,New York,42.1657,-74.9481,2021-04-23,2018044,51830,,,49426695,,5238.0,98.0,,,202400.0,,
376,US,New York,42.1657,-74.9481,2021-04-24,2022891,51892,,,49669127,,4847.0,62.0,,,242432.0,,
377,US,New York,42.1657,-74.9481,2021-04-25,2027029,51951,,,49910057,,4138.0,59.0,,,240930.0,,
378,US,New York,42.1657,-74.9481,2021-04-26,2031093,52003,,,50143124,,4064.0,52.0,,,233067.0,,
379,US,New York,42.1657,-74.9481,2021-04-27,2034102,52042,,,50361096,,3009.0,39.0,,,217972.0,,
380,US,New York,42.1657,-74.9481,2021-04-28,2037414,52117,,,50488049,,3312.0,75.0,,,126953.0,,
381,US,New York,42.1657,-74.9481,2021-04-29,2040448,52140,,,50591724,,3034.0,23.0,,,103675.0,,
382,US,New York,42.1657,-74.9481,2021-04-30,2044345,52209,,,50765251,,3897.0,69.0,,,173527.0,,
383,US,New York,42.1657,-74.9481,2021-05-01,2048150,52258,,,50991319,,3805.0,49.0,,,226068.0,,
384,US,New York,42.1657,-74.9481,2021-05-02,2052022,52309,,,51211393,,3872.0,51.0,,,220074.0,,
385,US,New York,42.1657,-74.9481,2021-05-03,2054848,52358,,,51211393,,2826.0,49.0,,,0.0,,
386,US,New York,42.1657,-74.9481,2021-05-04,2057276,52423,,,51635592,,2428.0,65.0,,,424199.0,,
387,US,New York,42.1657,-74.9481,2021-05-05,2059485,52483,,,51748731,,2209.0,60.0,,,113139.0,,
